1,be late for ～,～に遅れる
2,once in a while,時々
3,lose oneself in ～,～に没頭する ～に夢中になる
4,be incapable of ...ing,...することができない
5,at one's wit's end,途方に暮れて ほとほと困っている
6,be cut out for 〔to be〕 ～,～に向いている ～に適している
7,make a contribution to ～,～に貢献〔寄与〕する
8,turn to ～,～に頼る ～の方へ向く
9,be suitable for ～,～に適した
10,in the course of ～,～の間に ～の過程で
11,get ready for ～,～の準備をする
12,on the go,（常に忙しく）活動中で
13,in progress,進行中で
14,get in contact with ～,～に連絡を取る ～と接触する
15,lose sight of ～,～を見失う ～を見落とす
16,in no time,すぐに まもなく
17,as is often the case (with ～),（～に）よくあることだが
18,act on 〔upon〕 ～,～に基づいて行動する ～に作用する
19,pick out ～,～を選ぶ
20,be similar to ～,～と似ている
21,single out ～,～を特に選び出す
22,have ～ in common (with ...),（...と）共通の～を持つ （...と）～を共有している
23,be afraid to do,怖くて...できない
24,see A as B,AをBとみなす〔考える〕
25,at first glance,一見したところ 一目見ただけで
26,be anxious to do,...することを切望する
27,make haste,慌てる 急ぐ
28,at (one's) ease,気楽に 安心して
28.1,not possibly,どうしても...ない
28.2,would rather ～ than ...,...するよりむしろ～したい
28.3,the chances are that ...,おそらく...だろう
29,(just) around 〔round〕 the corner,間近に来て
30,come into effect,（法律･制度などが）発効する〔実施される〕
31,become of ～,～はどうなるのだろうか（※通例whatが主語）
32,at present,現在は
33,go a long way to 〔toward(s) ; in〕 ～,～に大いに役立つ 効果がある
34,participate in ～,～に参加する
35,such as ～,たとえば～（のような）
36,brush up (on) ～,～（知識・技術など）をやり直す
37,be content with ～,～に満足している
38,all of a sudden,突然
39,at home,家で 本国で
40,go by,経過する 通り過ぎる
41,be of no use,まったく役に立たない
42,by all means,何としても ぜひとも
43,keep 〔bear〕 ～ in mind,～のことを心に留めておく
43.1,"～, when ...",～そしてその時...
43.2,it is ～ that ...,...することは～である（形式主語のIt）
44,go on (with ～),～を続ける 続く
45,add A to B,AをBに加える
46,hear of ～,～のうわさを聞く
47,once upon a time,昔々
48,keep an eye 〔one's eye(s)〕 on ～,～から目を離さない ～を見張る
49,go off,去る 爆発する （明かりが）消える
50,present A with B,AにBを見せる AにBを贈る
51,next to ～,～に次いで ほとんど
52,point out that ...,...だと指摘する
53,account for ～,～を占める ～（の理由）を説明
54,pay (A) for B,Bの代金（としてA）を支払う
54.1,if S were to do,もし...することがあれば〔あっても〕
54.2,were it not 〔had it not been〕 for ～,もし～がなければ〔なかったら〕
54.3,to one's＋感情を表す名詞,...したことには
54.4,be S ～ (or ...),Sが～であろうと（...であろうと）
54.5,not always,必ずしも...（とは限ら）ない
54.6,"～, so that ...",～それで... ～その結果...
54.7,whatever (may) ...,たとえ何が〔を〕...しようと
55,what is called ～,いわゆる～
56,in detail,詳細に 詳しく
57,spend A on 〔for〕 B,A（金・時間）をBに費やす
58,give ～ a ride 〔lift〕,～を車に乗せてあげる ～を車で送る
59,in a hurry,急いで 慌てて
60,watch out (for ～),（～に）気をつける （～に）用心する
61,under construction,工事〔建設〕中の
62,make a mistake,間違える 失敗する
63,have an 〔a good〕 eye for ～,～に対する鑑識眼〔見る目〕がある
64,a piece of＋不可算名詞,1つ １点 １件
65,make a 〔one's〕 living,収入を得る 生計を立てる
66,second to none,右に出るものはいない
67,take the trouble to do,わざわざ...する 労を惜しまずに...する
68,out of date,時代〔流行〕遅れの
69,for the present,差し当たり とりあえず今は
69.1,too ～ (for A) to do,（Aが）...するには～すぎる
70,a host of ～,たくさんの～ 多数の～
71,hand down ～,～を手渡す ～を後世に残す
72,for a while,しばらくの間
73,hang on (to ～),（～を）手放さない （～に）しがみつく
74,in particular,特に
75,put ～ to use,～を利用〔使用〕する
76,take up ～,～（割合など）を占める ～（仕事など）を始める
77,put out ～,～（本など）を出版する ～（火・明かりなど）を消す
78,adapt A to 〔for〕 B,AをBに適応させる AをBに適合させる
79,take a chance 〔chances〕,思い切ってやってみる
80,many a 〔an〕 ～,多くの～
80.1,it appears (to ～) that ...,（Aには）...のように見〔思〕える
80.2,A as well as B,BだけでなくAも
80.3,it costs S ～ (金額) to do,S（人）が...するのに（金額）かかる
80.4,be in the habit of ...ing,...する習慣になっている
80.5,both A and B,AもBも AとBの両方
81,at will,意のままに
82,of one's own accord 〔free will〕,自発的に 自らの自由意思で
83,be bored with 〔of〕 ～,～に退屈している ～にうんざりしている
84,see (to it) that ...,...するよう取り計らう〔気をつける〕
85,to the fullest 〔full〕,十分に 思う存分
86,with all ～,～ばかりなので ～にもかかわらず
87,break out,（戦争・災害などが）突然起こる
88,be true of ～,～に当てはまる
89,be liable to do,...しやすい傾向にある ...する義務がある
90,be of interest,興味深い
90.1,remember to do,忘れずに...する ...することを覚えておく
90.2,not only A but (also) B,AだけでなくBも...
90.3,to tell (you) the truth,実を言うと
90.4,cannot (help) but do,...しないわけにはいかない どうしても...してしまう
90.5,no matter how (S) may ...,どんなに...であろうと
91,be absorbed in ～,～に没頭する ～に夢中になる
92,get tired from 〔with〕 ～,～で疲れている
93,put in ～,～（時間など）を費やす
94,be compelled to do,...せざるを得ない
95,go ahead,（許可などを表して）どうぞ 進んで行う
96,concentrate (A) on B,（Aを）Bに集中する
97,get on with ～,～を続ける ～をどんどん進める
98,limit A to B,AをBに制限する AをB内にとどめる
99,wake (～) up,～を起こす 目がさめる
100,cure A of B,AのB（病気・悪癖など）をなおす
101,lead to ～,～を引き起こす
102,go wrong (with ～),（～が）うまくいかない
103,that is (to say),つまり 言い換えれば ...ならの話だが
103.1,S wish ...,...であれば〔あったら〕よいのに
103.2,X times as ～ as ...,...のX倍～
103.3,"the比較級 ～, the比較級...",～すればするほどますます...
103.4,be supposed to do,...することになっている ...するものと考えられている
104,make the best of ～,～（不利な条件）を最大限に活かす
105,try on ～,～を試着する
106,blow up (～),（怒りなど）感情をぶつける 爆発する ～を爆破する
107,call off ～,～を中止する ～（計画など）を取りやめる
108,on the air,（テレビ・ラジオで）放送されて
109,on and on,どんどん 引き続き
110,(at) first hand,じかに 直接
111,drive at ～,～を意図する ～を言おうとする
112,run for ～,～に立候補する
112.1,only to do,（その結果〔結局〕）...するだけだ
112.2,intended to have＋過去分詞,...するつもりだったのに
112.3,to be honest (with you),正直に言えば 正直なところ
112.4,over ～,～をめぐって ～を食べ〔飲み〕ながら
112.5,on earth,（疑問詞を強調して）一体全体
112.6,neither A nor B,AもBも...ない
112.7,lest S (should) ...,...しないように
113,be accustomed to ～ 〔...ing〕,～に〔...することに〕慣れている
114,be grateful (to A) for B,Bについて（Aに）感謝している
115,contribute to ～,～の一因となる ～に貢献する ～に寄付する
116,more often than not,たいてい しばしば
117,fall victim to ～,～の犠牲になる ～のえじきになる
118,come down with ～,～（風邪など）にかかる
119,be likely to do,...しそうである
120,in the company of ～,～と一緒に
121,A is exposed to B,AがBにさらされている
122,be concerned about 〔for〕 ～,～について懸念している
123,go out,外出する 消える
124,go for a walk,散歩に出かける
124.1,generally speaking,一般的に言って
124.2,no less than ～,～も
124.3,what is worse,さらに悪いことには
124.4,may want to do,～するとよいでしょう
124.5,weather permitting,天気が許せば〔よければ〕
125,because of ～,～のために
126,part with ～,～を手放す ～を売り〔譲り〕渡す
127,for good 〔ever〕,永久に これっきり
128,～ and so on 〔forth〕,～など
129,view A as B,AをBとみなす〔考える〕
130,relieve A of B,AからB（苦痛・困難など）を取り除く
131,let go of ～,～を手放す ～をあきらめる ～を考えないようにする
132,hold back ～,～（感情など）を抑える ～を隠す
133,bring ～ to light,～を明るみに出す
134,except for ～,～を除けば
135,carry on (～),～し続ける 継続する
136,hold on to ～,～を手離さないでいる がんばる
137,from time to time,時々
138,mistake A for B,AをBと間違える
138.1,would (often) do,（よく）...したものだ
139,think over ～,（決断する前に）～をよく考える
140,turn into ～,～に変わる ～になる
141,short of ～,～が不足している ～に達していない
142,at times,時々 たまには
143,at all,《否定文で》少しも（...ない）
144,make certain (that... 〔of ～ ; wh-...〕),確実に...であるようにする
145,remind A of B,AにBを思い出させる
146,as such,そういうものとして それ自体
147,take A as B,AをBとみなす〔受け取る〕
148,at hand,（時間・空間的に）すぐ近くに
149,prepare for ～,～に備える ～の準備をする
150,dispense with ～,～なしで済ませる ～を省く
151,keep off ～,～に近寄らない ～を避ける
152,put on ～,～（CDなど）をかけ ～（服など）を身につける ～（体重）を増やす
152.1,What ... for?,何のために...？
152.2,so as to do,...するために
152.3,try ...ing,試しに...してみる
153,be full of ～,～に満ちている
154,calm down (～),静まる ～を静める
155,indulge in ～,～にふける
156,be faced with 〔by〕 ～,～に直面している
157,deal with ～,～を処理する ～に対処する
158,get through ～,～（困難など）を乗り切る ～を切り抜ける
159,be of use,役に立つ 有用な
160,in terms of ～,～の点から ～の立場で
161,end up ～ 〔...ing〕,結局～〔...すること〕になる
162,beyond question,疑いの余地がない
163,take care of ～,～の世話をする
164,in the end,結局は 最後には
165,take it easy,気楽にやる 休養を取る
165.1,had better do,～しない方がいい
165.2,be expected to do,...することになっている〔を期待されている〕
165.3,enable O to do,Ｏが...できるようにする
166,yearn 〔long〕 for ～,～を熱望〔切望〕する
167,at the expense of ～,～を犠牲にして
168,How come ...?,どうして〔なぜ〕...なのか。
169,all the way,ずっと
170,in order,正常な状態で 整然と
171,come into being 〔existence〕,生まれる 出現する
172,in a sense 〔way〕,ある意味で
173,hold on,持続する 電話を切らないでおく
174,lie in ～,～にある ～に存在する
175,come to one's senses 〔oneself〕,正気を取り戻す 意識を取り戻す
176,be sure 〔certain〕 to do,必ず...する
177,look after ～,気を配る ～の世話をする
177.1,never fail to do,必ず...する
177.2,having＋過去分詞,...したので（完了分詞構文）
178,plenty of ～,多くの～ 十分な～
179,in contrast (to 〔with〕 ～),（～とは）対照的に
180,out of breath,息切れして
181,be equipped with ～,～を備えている ～を装備している
182,hold one's breath,息を止める （期待・心配などで）固唾を飲んで見守る
183,take in ～,～を理解する ～を取り入れる
184,think about 〔of〕 ～,～を思いつく ～のことを考える
185,back and forth,行ったり来たり 前後〔左右〕に
186,aside from ～,～は別にして〔除いて〕 ～に加えて
187,be all ears,一心に耳を傾けている
188,as soon as ...,...するやいなや
189,pay attention to ～,～に注意を払う
190,be sensitive to ～,～に敏感である
191,be free from ～,～（嫌なこと）を免れている ～がない
192,confine A to B,AをB内にとどめる AをBに限定する
192.1,it follows that ...,（当然）...ということになる
193,by the way,ところで
194,first of all,第一に まず
194.1,do＋動詞,（強調のdo） 本当に...する
195,strike A as B,AにBという感じ〔印象〕を与える
196,complain (to A) about 〔of〕 B,（Aに）Bについて不平を言う
197,as often as not,たいてい しばしば
198,come to think of it,考えてみると
199,be fed up with ～,～にうんざりしている
200,give A credit for B,BをAの功績とする AのBを正しく評価する
201,apart from ～,～は別として ～の他は
202,tell A from B,AとBを区別する
203,look on 〔upon〕 A as B,AをBであるとみなす
204,up to ～,～まで
205,help oneself to ～,～を自由にとって食べる〔飲む〕
206,break off (～),～をもぎ取る ～（話など）を急にやめる 別れる
207,accuse A of B,AをBしたとして非難する AをBの罪で告発する
207.1,watch＋O＋...ing,Oが...しているのを見る（知覚動詞）
207.2,比較級＋than any other ～,他のどの～よりも...
207.3,that 〔those〕 of ～,～のそれ
207.4,so that S will 〔can；may〕 ...,Sが...するために
208,in some ways,ある意味で
209,at the mercy of ～ 〔＝at one's mercy〕,～のなす〔言う〕がままに
210,admit to ～,～（事実・罪など）を認める
211,come to terms with ～,～と折り合いをつける
212,at issue,論争中の 懸案となっている
213,find one's way ((in)to ～),（～に）やっとたどり着く
214,break up (～),～をばらばらにする 解散する
215,transform A into B,AをBへと変化させる 変形させる
216,turn up,現れる
217,beyond description,言葉で言い表せないほど
218,cling to ～,～にしがみつく ～に固執する
219,take over ～,～を支配する ～を引き継ぐ
220,impose A on B,AをBに課す 押し付ける
221,be guilty of ～,～の罪で有罪である
222,be willing to do,～するのをいとわない
222.1,it is (about) time (that) ....,そろそろ...してもよい頃だ
222.2,by ～,～までには
222.3,have yet to do,まだ...し（てい）ない
222.4,there is nothing for it but to do,...するより仕方がない
223,be familiar with ～,～（物事）をよく知っている
224,as a (general) rule,概して 普通は
225,at odds with ～,～と争って ～と反目して
226,on the whole,概して 大体は
227,carry out ～,～を実行する ～を果たす
228,burn down (～),～を全焼させる 焼け落ちる
229,set off (～),～を点火させる 出発する
230,with 〔in〕 regard to ～,～に関して
231,look out (for～),（～に）気をつける 用心する
232,inform A of 〔about〕 B,AにBを知らせる
233,prior to ～,～より前に ～に先立って
234,quite a few,かなり多くの
235,get rid of ～,～を取り除く
236,allow for ～,～を考慮に入れる ～を可能にする
236.1,as ～ as one can,できるだけ～
237,on the face of it,一見したところでは
238,be composed of ～,～から成り立っている
239,distinguish A from B,AとBを区別する
240,come into view 〔sight〕,見えるようになる 目に入る
241,in honor of ～,～に敬意を表して ～を祝って
242,look for ～,～を探す
243,refer to ～,～に言及する ～を参照する
244,amount to ～,（総計）～に達する ～に等しい
245,in the way 〔in one's way〕,邪魔になって
246,be anxious for ～,～を切望している
247,catch up (with ～),（～に）追いつく
247.1,never ～ without ...ing,～すれば必ず...する
247.2,must have＋過去分詞,...したに違いない
247.3,every time ...,...するたびに
247.4,such (a 〔an〕) 形容詞＋名詞＋that ...,大変～なので... ...するくらい～
248,be associated with ～,～と関係がある
249,as it were,いわば
250,tend to do,...する傾向がある
251,be superior to ～,～より優れている
252,in proportion (to ～),（～に）比例して つり合って
253,on (the 〔an〕) average,平均して 概して
254,in spite of ～,～にもかかわらず
255,be connected with 〔to〕 ～,～とつながっている ～と関係がある
256,for the most part,たいてい 大部分は
257,all in all,概して 全体として
258,as for ～,～に関して ～について（言うと）
259,far from ～,決して～ではない
260,"(on (the) one hand ～,) on the other hand ...",（一方では～）他方では...
260.1,not necessarily,必ずしも...（とは限ら）ない
260.2,it doesn't matter whether ...,...かどうかは問題〔重要」ではない
261,keep in touch with ～,～と連絡を取る ～と接触を保つ
262,all the 比較級 (...),それだけいっそう〔ますます〕（...）
263,"～ one thing, ... another",～と...は別のことである
264,on the move,移動中で せわしなく動き回って
265,at risk,危険にさらされた
266,on one's 〔the〕 way (to ～),（～への）途中で
267,right now 〔away；off〕,現在 今すぐ
268,at random,無作為に 雑然と でたらめに
269,abide by ～,～（規則・約束などを）忠実に守る
270,put down ～,～を下に置く ～を書き留める
271,as a matter of course,当然のことながら
272,be all eyes,一心に見る
273,commit 〔make〕 an error,過ちを犯す 間違える
273.1,fail to do,...できない ...しない
273.2,it goes without saying that ...,...は言うまでもない
273.3,cannot 〔can't〕 help ...ing,...せずにはいられない
273.4,see O ...ing,Ｏが...しているのを見る（知覚動詞）
273.5,regret ...ing,...したことを後悔する
274,be familiar to ～,～になじみがある ～によく知られている
275,dependent on 〔upon〕 ～,～に依存している ～に頼っている
276,be based on 〔upon〕 ～,～に基づいている
277,become aware of ～,～に気づく ～を認識する
278,according to ～,～によると ～に従って
279,in charge of ～,～を担当して ～の責任者で
280,be responsible for ～,～の原因である ～に責任がある
281,be good at ～,～が得意である
282,～ as well,同様に～ ～もまた
283,suffer from ～,～を患う ～で苦しむ
284,(every) now and then 〔again〕,時々
285,be conscious of ～,～を意識している ～に気づいている
285.1,The reason is that ...,その理由は...だからだ
285.2,the same ～ as ...,...と同じ（ような）～
285.3,provided 〔providing〕 (that) ...,もし...なら
285.4,by the time ...,...までには
286,come about,起こる 生じる
287,in the first place,まず 第一に
288,date back to ～,～にさかのぼる
289,pride oneself on ～,～を誇りに思う ～が自慢である
290,make A from B,B(原料）からAを作る
291,fall apart,ばらばらに壊れる 崩壊する
292,deal in ～,～（商品）を扱う
293,break in,侵入する 押し入る
294,in the presence of ～,～の（面）前で ～がいる前で
295,succeed in ～,～に成功する
296,be free of ～,～（有害物）を含まない ～（料金・税金など）が免除されている
297,make for ～,～を生み出す ～に役立つ ～へ向かって行く
298,no longer ...,もはや...ない
299,fill out ～,～に（必要事項などを）記入する 記入する
300,make a reservation,予約する
301,have a good time (...ing),（...して）楽しい時を過ごす
301.1,not A but B,AではなくBである
302,believe in ～,～（の存在・人格）を信じる ～の正当性を信じる
303,lay out ～,～（考えなど）を述べる ～の設計をする
304,object to ～,～に反対する
305,feel free to do,自由に...する 遠慮なく...する
306,live for ～,～のために生きる
307,make good (on ～),(～(目的・約束など）を）果たす ～（損失など）を償う 成功する
308,come to an end,終わる
309,in private,個人的〔私的〕に
310,by chance,たまたま 偶然
311,ask for ～,～（助け・物）を求める ～（人）との（面会・話すこと）を求める
312,come true,実現する
313,all the time,いつも その間ずっと
314,prefer A to B,BよりAを好む
314.1,if ... at all,いやしくも〔仮にも〕...したなら
314.2,none the 比較級 because ...,...にもかかわらず それでもなお
315,in general,一般に
316,be characteristic of ～,～の特徴〔に特有のもの〕である
317,be certain 〔sure〕 of 〔about〕 ～,～を確信している
318,out of place,場違いな 間違った場所の〔に〕
319,in comparison with 〔to〕 ～,～と比較すると
320,something of a ～,ちょっとした～ かなりの～
321,at a loss,途方に暮れて
322,under repair,修理中で
323,in the future,将来（に） 今後
324,scores of ～,多数の～
325,make sense of ～,～を理解する
325.1,insist that ...,...だと言い張る
326,have 〔take〕 a look at ～,～を見る
327,come by ～,立ち寄る （偶然）手に入れる 通りすぎる
328,feel obliged to do,...せざるを得ないと感じる
329,a sheet of ～,1枚の～
330,yield to ～,～に屈服する ～に敗れる
331,on purpose,故意に
332,catch on （to ～),～（意味など）をつかむ 広まる
333,in favor of ～,～に賛成して ～の利益となるように
334,fall back on 〔upon〕 ～,（困ったときに）～に頼る
335,get the better of ～,～に打ち勝つ
336,give in (to ～),（～に）屈する ～に従う
337,make up one's mind (to do),（...する）決心をする
338,on one's own,1人で 独力で
338.1,～ where ...,...する（ところの）～
338.2,even if 〔though〕 ...,たとえ...であっても
338.3,have＋O＋原形,Ｏに...してもらう〔させる〕
338.4,either A or B,AかBのどちらか AまたはB
339,go into effect,（法律などが）発効する 実施される
340,come of age,成人に達する 大人になる
341,be free to do,自由に...する 好きなように...できる
342,for the time being,差し当たり しばらくの間
343,agree with ～,～（人・意見）に賛成する
344,bar A from B,AにBを禁止する AをBから締め出す
345,approve of ～,～をよいと認める ～に賛成する
346,on 〔in〕 one's behalf,～に代わって ～のために
347,at heart,心の底では 根は
348,get involved in 〔with〕 ～,～に巻き込まれる ～に関わる
349,on the part of ～ 〔on one's part〕,～の方〔側〕では
350,give way (to ～),（～に）降参〔屈服〕する （～に）道を譲る
350.1,be to do,...することになっている
350.2,to be frank (with ～),（～に）率直に言って
350.3,there is no ...ing,...することができない
350.4,on ...ing,...するとすぐに
350.5,get O to do,Ｏに...してもらう〔させる〕
351,to say the least (of it),控えめに言っても
352,as a whole,全体として
353,stand out,目立つ 際立つ
354,what is more,そのうえ さらに
355,to say nothing of ～,～は言うまでもない
356,dwell on 〔upon〕 ～,～のことをくよくよ考える 話す
357,speak out,思い切って意見を述べる
358,all at once,突然
359,have ～ in mind,～のことを思って〔意図して〕いる
360,be satisfied with ～,～に満足している
361,at any rate,とにかく いずれにせよ
361.1,it occurs (to 人) that ...,（人に）...が思い浮かぶ
361.2,roughly speaking,大ざっぱに言って
361.3,speaking 〔talking〕 of ～,～と言えば
361.4,not ... in the least,まったく～ない
362,show A around B,AにBを案内して回る
363,take pride in ～,～に誇りを持つ
364,with pleasure,喜んで
365,show up,現れる
366,come out,表明する 現れる 明らかになる
367,read between the lines,行間を読む 言外の意味を読み取る
368,wear out ～,～が尽きる ～を疲れさせる
369,on time,時間通りに
370,on board,（船・飛行機などに）搭乗して
371,leave ～ alone,～を放っておく ～を1人にしておく
372,sit up,寝ないでいる きちんと座る
373,in time (for ～),（～に）間に合って
374,pull up (～),～（車）を止める 車が止まる
374.1,the first time ...,初めて...する時
374.2,should have＋過去分詞,...すべきだったのに ...したはずだ
375,call at ～,～（場所）にちょっと立ち寄る
376,rain cats and dogs,土砂降りに降る
377,send for ～,～を呼びにやる
378,more or less,多少 多かれ少なかれ およそ
379,watch one's step,足元に気を付ける
379.1,（just） in case （...）,...の場合に備えて （通例文末で）万一のために
380,by far,ずばぬけて ずっと
381,look up to ～,～を尊敬する
382,speak well of ～,～のことをよく言う ～をほめる
383,make A (out) of B,BでAを作る
384,hear from ～,～から便り〔連絡・電話〕がある
385,give ～ a call 〔a ring〕,～に電話をかける
386,let down ～,～の期待を裏切る ～をがっかりさせる
387,get married (to ～),（～と）結婚する
388,adhere to ～,（規則・主義など）を忠実に守る ～を固守する
389,keep to ～,～から外れない ～を守る
390,one of these days,そのうち 近いうちに
391,owe A to B,AはBのおかげである AをBに借りている
392,come home to ～,痛切に感じられる ～に理解される
392.1,～ (名詞)＋that ...,...という～（同格のthat）
392.2,it is no use 〔good〕 ...ing,...しても無駄だ
392.3,grow up to do,成長して...になる
392.4,ought to have＋過去分詞,...すべきだったのに ...したはずだ
393,without fail,必ず 間違いなく
394,with ease,容易に 楽々と
395,attribute A to B,AがBに起因すると考える AをBのせいにする
396,be equivalent to ～,～に相当する ～に等しい
397,call for ～,～を呼び求める ～を必要とする
398,the number of ～ （複数形）,～の数
399,at a time,1度に 同時に
400,at (the) most,せいぜい 多くて
401,be worthy of ～,～に値する
402,be essential to ～,～にとって不可欠である
403,write down ～,～を書き留める ～をメモする
404,go over ～,～を見直す ～を繰り返す ～を調べる
404.1,the moment 〔instant； minute; second〕 ...,...するとすぐに ...した瞬間に
404.2,What is S like?,Sはどのようなものか。
405,go for a drive,ドライブに出掛ける
406,spend ～ (in) ...ing,～（時）を...して過ごす
407,give out （～）,（体力・忍耐・貯えなどが）尽きる ～を配布する
408,run out of ～,～を切らす ～がなくなる
409,take the place of ～,～に取って代わる
410,by degrees,次第に 徐々に
411,attend to ～,～の世話をする （～の言うことを注意して聞く）
412,have ～ on one's mind,～のことを気にかける ～を心配している
413,in need (of ～),（～を）必要として
414,care for ～,～の世話をする
415,break into ～,急に～し始める ～に押し入る
416,take 〔have〕 pity on ～,～をかわいそうに思って手を貸す ～に情けをかける
417,be anxious about ～,～を心配〔憂慮〕している
418,do without ～,～なしですます
418.1,A is not ～ any more than B is ...,Bが...でないのと同様にAは～ない
418.2,nothing is as 〔so〕 ～ as A,Aほど～なものはない
418.3,What do you say to ...ing?,...するのはどうか。
419,a great 〔good〕 deal (of ～),かなりたくさん（の～）
420,result from ～,～から（結果として）生じる
421,be filled with ～,～でいっぱいである
422,be devoid of ～,～がない ～を欠いている
423,do ～ harm 〔damage〕 ／do harm 〔damage〕 to ～,～に害を与える
424,turn on ～,～（火・明かり・スイッチなど）をつける
425,as a result 〔consequence〕 (of ～),（～の）結果として
426,deprive A of B,AからBを奪う
427,rely on 〔upon〕 ～ (for ...),（...について）～に頼る
428,go astray,道に迷う （ものが）なくなる
429,comply with ～,～（規則・命令など）に従う 応じる
430,turn off ～,～（火・明かりなど）を消す
431,out of sight,見えないところに〔の〕
431.1,cause O to do,Ｏに...させる
432,come to light,明らかになる 明るみに出る
433,as many 〔much〕 as ～,～ほど多数〔多量〕の
434,be worried about ～,～を心配する ～を気にする
435,take notice of ～,～に注意を払う ～を気に留める
436,a lot of ～,多数の～ 多量の～
437,depend on 〔upon〕 ～,～次第である ～を頼りにする
438,to be sure,確かに なるほど
439,owing to ～,～が原因で ～のために
440,interfere with ～,～を妨げる ～の邪魔をする
441,in addition (to ～),（～に）加えて さらに
442,die out,絶滅〔死滅・消滅〕する
443,take account of ～,～を考慮に入れる
444,work on ～,～に取り組む ～に影響を与える
444.1,as 〔so〕 far as ...,...まで ...する限りでは
444.2,it won't be long before ...,すぐに...だろう
445,under control,制御下に 管理下に
446,be derived from ～,～に由来する
447,on account of ～,～のために
448,make sure （that ...〔of ～ ; wh- ...〕）,～〔...であることを；...かを〕確認する
449,play a part 〔role〕 in ～,～において役割を果たす
450,keep up with ～,～に（遅れないで）ついていく
451,engage in ～,～に従事する ～に関与する
452,give off ～,～（におい・熱・光など）を発する
453,prevent ～ from ...ing,～が...するのを妨げる〔防ぐ〕 （主語のために）～は...できない
454,stay up,寝ないでいる 夜更かしをする
455,at least,少なくとも
455.1,as ～ as possible,できるだけ～
455.2,make it a rule to do,...することにしている
455.3,take it for granted that ...,...は当然だと思う
456,have difficulty 〔trouble〕 (in) ...ing,...するのに苦労する
457,find fault with ～,～のあらを探す
458,give up ～,～をあきらめる ～をやめる
459,regardless of ～,～に関係なく ～に構わず
460,get over ～,～を克服する
461,look at ～,～を見る
462,be inferior to ～,～より劣る
463,on the contrary,それどころか
464,give rise to ～,～を引き起こす
465,make an effort 〔efforts〕 (to do),（...しようと）努力する
466,make a point of ...ing,必ず...することにしている
467,each time ...,...するたびに
468,for nothing,無駄に ただで
468.1,feel like ...ing,...したい気がする
468.2,when it comes to ～,～のことになると
468.3,no matter what (may) ...,たとえ何が〔を〕...しようと
469,be at home with 〔in；on〕 ～,～に精通している ～をよく知っている
470,hit on 〔upon〕 ～,～を思いつく
471,in a row,一列に 連続して
472,quite a little ～,かなり多量の～ かなりの～
473,in secret,ひそかに 内緒で
474,set up ～,～を設置する ～を設立する
475,break one's promise 〔word〕,約束を破る
476,drop out of ～,～から手を引く ～から脱落する
477,go blind,失明する
478,regard A as B,AをBとみなす
479,nothing short of ～,～にほかならない
479.1,it takes 時間 for 人 to do,～（人）が...するのに～（時間）かかる
479.2,"～, where ...",～そしてそこで...（関係副詞の非制限用法）
479.3,as ～ as any,何〔誰〕にも劣らず～
479.4,in the sense that ...,...するという点で
479.5,go so far as to do,...しさえする
480,set out (to do),...し始める 出発する
481,in oneself,それ自体〔自身〕
482,at the sight of ～,～を見て
483,nothing but ～,～にすぎない ～だけ
484,get angry,怒る 腹を立てる
485,keep ～ to oneself,～を秘密にしておく
486,on (the) condition (that) ...,...という条件で
487,make believe （...）,（...の）ふりをする （...を）装う
488,set in,（悪天候。感染などが）始まる 長引く
489,in turn,結果として 順番に 交替で
489.1,not so much A as B,AというよりむしろB
489.2,as though 〔if〕 ...,まるで...かのように
489.3,be on the verge 〔point〕 of ...ing,今にも...しそうである
489.4,may as well do,...する方がよい
490,look forward to ～,～を楽しみにする ～を期待する
491,play a trick 〔joke〕 on ～,～をからかう
492,keep ...ing,...し続ける
493,go bad,腐る
494,clear up ～,～（疑問・誤解など）を解く 晴れる
495,be ignorant of ～,～を知らない
496,speak of A as B,AのことをBと言う
497,as to ～,～に関して ～について（言うと）
498,make fun of ～,～をからかう
499,in connection with ～,～に関連して
500,be tired of ～,～にうんざりしている
501,put up with ～,～に耐える ～を我慢する
502,pull one's leg,（冗談で）～をからかう
503,think little 〔nothing； poorly〕 of ～,～を何とも思わない ～を軽んじる
504,lose one's temper,腹を立てる カッとなる
504.1,be said to have＋過去分詞,...だったと言われている
505,be known for ～,～で知られている
506,in all,全部で 合計で
507,for 〔with〕 all ～,～にもかかわらず
508,nothing less than ～,～にほかならない
509,anything but ～,まったく〔決して〕～ではない
510,on top of ～,～に加えて
511,be peculiar to ～,～に固有である ～に特有のものである
512,break down (～),～（食物）を消化する 故障する 崩壊する
513,see little〔much；nothing〕 of ～,～にあまり会わない〔よく会う；まったく会わない〕
514,on end,続けて 立て続けに
515,be addicted to ～,～（薬など）に依存している ～の中毒で
516,cut back 〔down〕 (on) ～,～を減らす ～を切り詰める
517,of one's own ...ing,～自身で...した
517.1,if S should ...,万一...なら〔でも〕
518,be native to ～,（動植物が）～の原産である ～になじみがある
519,be known to ～,～に知られている
520,by mistake,間違って 誤って
521,be indispensable to 〔for〕 ～,～にとって不可欠である
522,avail oneself of ～,～（機会など）を利用する
523,at first,最初は
524,push one's way,押しのけて進む
525,in search of ～,～を探して ～を求めて
526,be indifferent toward 〔to〕 ～,～に無関心である
527,do away with ～,～を捨てる 始末する ～を廃止する
528,in vain,無駄に 効果なく
529,by way of ～,～を通って ～経由で
530,thanks to ～,～のおかげで
531,bring ～ to an end 〔a close〕,～を終わらせる
531.1,with a view to ...ing,...するために ...する目的で
532,apply to ～,～に当てはまる
533,at one's disposal,～の思うままに
534,"for one thing ～ (, for another ...)",（理由などを挙げて）1つには～（，また1つには...）
535,make friends with ～,～と友達になる ～と親しくなる
536,adapt to ～,～に適応する ～に順応する
537,to put it another way,別の言い方をすれば
538,search for ～,～を捜し求める
539,have (a) good command of ～,～を使いこなせる ～（言語など）に堪能である
540,be preferable to ～,～より望ましい
541,be acquainted with ～,～を熟知して ～と知り合いである
542,look up ～ (in the dictionary),～を（辞書で）調べる
543,keep at ～,～を根気よく続ける
544,make progress (in ～),（～において）進歩する〔進む〕
544.1,those who ...,...する人々
544.2,not less than ～,少なくとも～
544.3,it is said that ...,...と言われている
544.4,now (that) ...,今や...なので ...であるからには
545,shake hands (with ～),（～と）握手する
546,provide B for 〔to〕 A,AにBを供給する 提供する
547,go in for ～,（趣味などとして）～をし始める
548,be particular about 〔over〕 ～,（好みなどに関して）～にうるさい
549,drop in (on 人 ; at 場所),（～に）立ち寄る
550,see off ～,～を見送る
551,be senior to ～,～より年上である
552,in succession,連続して 次々と
553,put on airs,気取る
554,all 〔just〕 the same,それでもやはり
555,rule out ～,～を除外する
556,take after ～,～を追跡する （人が）～に似ている
557,be reluctant to do,...したがらない
558,exchange A for B,AをBと交換する
558.1,look ～ in the eye 〔face〕,～の目〔顔〕をまっすぐ見る ～を直視する
558.2,the time (～) when ...,...する時
558.3,A is no less ～ than B is (...),Bが...であるのと同様にAは～である AはBに劣らず～である
559,lay off ～,～を（一時）解雇する
560,on second thought(s),考え直して やっぱり
561,kind〔sort〕 of,いくぶん ちょっと
562,take a break,休憩する
563,between you and me,内緒にして
563.1,regret to do,残念ながら...する
563.2,need not have＋過去分詞,...する必要がなかったのに
564,use up ～,～を使い尽くす
565,seeing (that) ...,...であるので
566,set about ～,～を始める ～に取りかかる
567,make much of ～,～を重視する ～をもてはやす
568,show off ～,～を見せびらかす
569,go on ...ing 〔with ～〕,...し〔～を〕続ける
570,turn down ～,～を拒絶〔拒否〕する ～を断る
571,if anything,どちらかと言えば むしろ
572,boast about 〔of〕 ～,～を自慢する ～を誇る
573,refrain from ～,～を控える ～をやめる
574,suspect A of B,AをBであるようだと疑う
575,die from ～,～（が死因）で死ぬ
576,all along,最初からずっと
577,by accident 〔chance〕,たまたま 偶然
577.1,Who is it that ...?,...するのはいったい誰か。
578,accept A as B,AをBとして認める 受け入れる
579,get in touch with ～,～と連絡を取る
580,free of charge,無料で
581,look to ～ (for ...),（...を求めるのに）～を頼みにする
582,ask a favor of ～,～にお願いする〔頼む〕
583,pick up ～,～を取り上げる ～（預けてあるもの）を受け取る ～を（乗り物で）迎えに行く
584,be absent from ～,～を欠席している
585,get along (with ～),（～と）うまくやっていく 暮らしていく
586,be intent on 〔upon〕 ～,～に没頭している ～をたくらんでいる
587,behind the times,時代遅れの
588,decide on 〔upon〕 ～,～を選ぶ ～を決定する
589,stay away from ～,～に近づかない ～を欠席する
590,in public,人前で 公然と
590.1,let O do,Ｏに...させる（使役動詞）
590.2,as ～ as＋数詞,（...と同じほど）も～
591,at length,詳細に ついに
592,stand for ～,～を表す ～を象徴する ～を支持する
593,consist in ～,～にある ～に存在する
594,dozens of ～,何十もの～ 多数の～
595,in a word,一言で言えば 要するに
596,under way,進行中で
597,get to ～,～に到着する
598,so to speak 〔say〕,いわば 言ってみれば
599,make sense,意味を成す 道理にかなう
600,define A as B,AをBと定義する
601,out of fashion,すたれた 流行遅れの
601.1,"one ～, another ...",1つは～，（もう）1つは...
601.2,cannot do too ～,いくら～してもしすぎることはない
601.3,to begin 〔start〕 with,まず 第一に
601.4,need 〔want〕 ...ing,...される必要がある
601.5,no sooner ～ than ...,～するとすぐ...する
602,keep one's word 〔promise〕,約束を守る
603,forgive A for B,B（過ちや罪など）に関してAを許す 大目に見る
604,present oneself,出頭する 出席する
605,punish A for B,Bを理由にAを罰する
606,make amends for ～,～の償いをする ～の埋め合わせをする
607,submit to ～,～に従う ～に屈服する
608,be worthy to do,...するに値する〔ふさわしい〕
609,fail in ～,～に失敗する ～を怠る
610,in effect,実際は 事実上
611,rest on 〔upon〕 ～,～に基づく ～に支えられている
612,bring ～ into being 〔existence〕,～を生み出す ～（子）を産む
613,ask A for B,AにBを求める
614,on 〔in〕 behalf of ～,～の代理として ～のために
614.1,What if ...?,...したらどうなるだろうか。
614.2,the＋形容詞,（形容詞）の人たち
615,for the first time,初めて
616,make do with ～,～で間に合わせる ～で済ませる
617,come close to ...ing,...しそうになる もう少しで...するところだ
618,come up with ～,～を思いつく
619,with respect to ～,～に関して
620,result in ～,～という結果になる
621,in practice,実際に（は） 実際上
622,for instance 〔example〕,例えば
623,look down upon〔on〕 ～,～を軽蔑する
624,take off (～),離陸する ～を脱ぐ 人気が出る
625,make use of ～,～を活かす
626,make a difference,重要である
626.1,in that ...,...という点において ...だから
626.2,not all ～,すべての～が...であるわけではない
626.3,whether to do,...すべきかどうか
627,be confronted with 〔by〕 ～,～に直面している
628,a couple of ～,2，3の いくつかの
629,figure out ～,～を考え出す ～を理解する
630,up to date,最新の 現代的な
631,be ready for ～,～の準備ができている
632,in return for ～,～のお返しに
633,differ from ～,～と異なる
634,in fact 〔reality〕,実は 実際には
635,focus on ～,～に集中する ～に焦点を当てる
636,be famous for ～,～で有名である
637,think highly of ～,～を高く評価する ～を重視する
638,on schedule,予定通りに
638.1,happen to do,たまたま〔偶然〕...する
638.2,it is not until ～ that ...,～して初めて...する
639,do nothing but do,単に...するだけである
640,in exchange of 〔for〕 ～,～と引き換えに ～の代わりに
641,feel for ～,～に同情する
642,insist on 〔upon〕 ～,～を主張する ～を言い張る
643,in principle,原則として 原則的には
644,get away with ～,～を罰を受けずにやってのける ～を持ち逃げする
645,look into ～,～を調べる
646,be opposed to ～,～に反対である
647,keep company with ～,～と交際する
648,seat oneself,座る 着席する
649,bring oneself to do,...する気になる
650,catch sight of ～,～を見かける ～を見つける
651,keep away from ～,～から離れている ～に近づかない
651.1,live a life,生活をする（同族目的語）
652,at best,よくても せいぜい
653,with ～ in mind,～を考慮して
654,get down to ～,～をし始める ～に本腰を入れて取り掛かる
655,in the meantime,その間に とかくするうちに
656,couldn't be better,（気分・調子が）最高だ
656.1,if ever,（たとえ）あるとしても もし...だとしたら
656.2,A is to B what C is to D,AとBの関係はCとDの関係に等しい
656.3,but for ～,～を除いて（～以外は） ～がなければ〔～がなかったら〕
656.4,not ... either,～も（また）...ない
656.5,where to do,どこで〔に〕...すべきか
656.6,動詞＋過去分詞,～されて...する（主格補語としての過去分詞）
656.7,upon〔on〕＋名詞,...すると（すぐ）
656.8,will be ...ing,...しているだろう（未来進行形）
656.9,hardly ～ when 〔before〕 ...,～するとすぐ...する
656.91,as 〔so〕 long as ...,...する限り ...でさえあれば
657,for want 〔lack〕 of ～,～の不足のため ～がないので
658,be apt to do,...しがちだ ...する傾向にある
659,go bankrupt,破産する
660,in the face of ～,～に直面して ～にもかかわらず
661,consist of ～,～から成る
662,as follows,次の通り（で）
663,make (both) ends meet,収支を合わせる やり繰りする
664,make allowances for ～,～を考慮して大目にみる ～を見込む
665,apply for ～,～に申し込む ～に応募する
666,hope 〔wish〕 for ～,～を望む
667,only too ～,とても... 残念ながら...
668,in trouble,困った 窮地に陥った
669,aim at ～,～を目指す ～をねらう
669.1,be busy ...ing 〔with ～〕,...するのに〔～に〕忙しい
669.2,If only ...,...でありさえすればよい〔よかった」のに
670,out of (one's) control,制御できなくて
671,in the air,（噂などが）広まって 空中に
672,coincide with ～,～と同時に起こる ～と一致する
673,blame A for B,BをAのせいにする BのことでAを非難する
674,on duty,勤務中で 当直で
675,pass away,亡くなる
676,go out of one's way to do,わざわざ...する
677,live on 〔upon〕 ～,～で生計を立てる ～に頼って生活する
678,run into 〔across〕 ～,～に偶然出会う
679,go with ～,～と同調する ～と調和する
680,try to do,...しようとする ...しようと試みる
681,in accordance with ～,～に従って〔合致して〕 ～通りに
681.1,～ of ...,...という～（同格のof）
681.2,If it were not 〔had not been〕 for ～,もし～がないなら〔なかったら〕
681.3,forget to do,...することを忘れる
682,for the purpose of ～,～の目的で
683,at intervals,間隔をおいて 時折
684,keep on ...ing,...し続ける
685,as opposed to ～,～とは対照的に
686,in preparation for ～,～に備えて ～の準備で
687,go without ～,～なしで済ませる 我慢する
688,feed on ～,～を餌にする ～を常食にする
689,be about to do,（まさに）...しようとしている
690,give birth to ～,～を生む〔産む〕 ～の原因となる
690.1,strictly speaking,厳密に言うと
691,what we 〔they〕 call,いわゆる
692,take to ～,～が気に入る （習慣的に）～を始める ～にふける
693,compare A with 〔to〕 B,AをBと比較する AをBにたとえる
694,settle down,落ち着く 静まる
695,name A (B) after C,CにちなんでAを（Bと）名づける
696,beyond doubt,疑いの余地なく 明らかに
697,be subject to ～,～に影響を受けやすい ～に従わなければならない
697.1,what to do,何を...すべきか
697.2,help O (to) do,Ｏが...するのを助ける
697.3,How about ～?,～はどうか。
697.4,be being＋過去分詞,...されている（進行形の受動態）
697.5,have only to do,...しさえすればよい
698,take notes on ～,～をメモする
699,of importance,重要な
700,by hand,（機械でなく）人の手で 手書きで
701,look back upon 〔on；to〕 ～,～を振り返る ～を回顧する
702,above all (else),何よりもまず とりわけ
703,reflect upon 〔on〕 ～,～についてよく考える ～を振り返る
704,in other words,言い換えれば すなわち
705,attach A to B,AをBに取り付ける〔付与する〕
706,objectively speaking,客観的に言えば
707,sum up ～,～を要約する
708,be better off,より良い状態である ...した方がよい
708.1,with＋O＋前置詞句,...して（Ｏを～の状態で）
708.2,形容詞＋as S is,...けれども
708.3,"one ～, the other ...",一方は～，もう一方〔残り〕は...
708.4,"If S had 過去分詞, S would have 過去分詞",もし～だったら，...だっただろうに（仮定法過去完了）
709,be blessed with ～,～に恵まれている
710,put (an) emphasis on ～,～に重点を置く
711,be〔become〕 keen on ～,～に熱中している
712,instead of ～,～の代わりに
713,in fashion,流行の
714,(it is) no wonder (that) ...,...というのも不思議ではない ...なのも当然だ
715,a number of ～,たくさんの～ いくつかの～
716,in the long run,長い目で見れば 結局は
717,stick to ～,～（主義・決定など）に固執する ～にくっつく
718,have access to ～,～を入手できる ～にアクセスできる
719,due to ～,～のために ～のせいで
720,have no choice but to do,...するより仕方がない
721,frown at,～に向かってまゆをひそめる ～にしかめ面をする
722,at first sight,一見したところでは 一目で
722.1,the last (～) to do,決して...しない～ ...しそうにない～
722.2,forget ...ing,...したことを忘れる
723,make up for ～,～を補う ～の埋め合わせをする
724,all but ～,ほとんど～ ～以外全部
725,bring A home to B,BにAを痛感させる
726,to some 〔a certain〕 extent,ある程度
727,resort to ～,～に訴える ～に頼る
728,in view of ～,～を考慮して
729,bring up ～,～を育てる ～を話題に持ち出す
730,out of the way,道を外れて 邪魔にならないように
731,put ～ into 〔in〕 practice,～を実行に移す
732,at all costs,どんな代償を払っても
733,out of the question,問題外〔論外〕の まったく不可能な
733.1,in ～,～後に ～のうちに ～の間に（期間）
733.2,not to speak of ～,～は言うまでもなく
733.3,what with A and (what with) B,AやらBやらで
734,all too ～,あまりにも（...すぎる）
735,ascribe A to B,Aの原因〔所属〕はBだと考える
736,identify A with B,AとBを同一視する 関連づけて考える
737,hold true 〔good〕,当てはまる 適用できる
738,to the point of ～,～（程度・段階などが）まで
739,correspond with ～,～と一致する ～と文通する
740,take charge of ～,～を管理〔担当〕する ～を預かる
741,let alone ～,～は言うまでもなく ましてや～
742,by and large,概して 一般に
743,at work,仕事中で 活動中で
744,fill in ～,（必要事項を）～に書き込む ～を埋める
745,once (and) for all,これを最後に きっぱりと
745.1,if any,たとえあるにせよ もしあれば
745.2,may well do,...するのも当然だ
745.3,most 〔one；all；some〕 of wh-,～のほとんど〔1つ／すべて／いくつか〕
745.4,it is ～ wh- ...,...かは～だ（疑問詞を導く形式主語のIt）
746,early on,早い段階で 初期に
747,in short,要するに
748,translate A into B,AをBに翻訳する
749,one (A) after another,（Aが）次から次へと
750,be different from ～,～と違っている
751,be unique to ～,～に特有である ～に固有である
752,be engaged in ～,～にに興じる ～に従事している
753,one another,お互い（に）
754,enjoy oneself,楽しく過ごす
755,in order to do,...するために
756,do ～ good〔do good to ～〕,～にとってよい ～のためになる
757,take part in ～,～に参加する
758,later on,あとで あとになって
758.1,be worth ...ing,...する価値がある
759,take place,起こる 生じる
760,in person,直接 自分で
761,substitute A for B,Bの代わりにAを使う
762,as good as ～,ほとんど～も同然
763,get on one's nerves,～のかん〔神経〕に障る
764,make oneself understood,自身（の考え）を理解してもらう
765,have trouble (in) ...ing,～するのに苦労する
766,take advantage of ～,～を利用する
767,turn 〔hand 〕 in ～,～を提出する
768,help ～ with ...,～の...を手伝う
769,in demand,需要のある
770,take on ～,～を引き受ける ～を帯びる
771,in place of ～,～の代わりに
772,in any case,どんな場合でも いずれにせよ
773,make the most of ～,～（有利な条件）を最大限に利用する
774,give ～ a try,～を試してみる 挑戦してみる
744.1,比較級 and 比較級,ますます～
744.2,judging from 〔by〕 ～,～から判断すると
775,go back to ～,～へ戻る ～にさかのぼる
776,bring about ～,～をもたらす ～を引き起こす
777,be made of ～,～（材料）でできている
778,dispose of ～,～を処理する
779,give away ～,～を（ただで）やる ～（秘密など）をばらす
780,for free,無料で ただで
781,in advance,前もって
782,sympathize with ～,～に同情する
782.1,"～, which ...",～そしてそれは...（関係代名詞の非制限用法）
782.2,used to do,いつも...したものだ 以前は...だった
782.3,as ～ as ever,相変わらず～
782.4,not ...ing,...しない〔しなかった〕ので（完了動名詞の否定）
782.5,hold A by the B,AのBをつかむ
782.6,may have＋過去分詞,...したかもしれない
783,count for ～,～の価値がある ～ほどの重要性を持つ
784,no more than ～,（数・量などが）たった～ ほんの～
785,in haste,急いで
786,at the cost 〔price〕 of ～,～を犠牲にして
787,care about ～,～に関心がある ～を気にかける
788,specialize in ～,～を専門に扱う ～を専攻する
789,make a choice,選択する
790,(un)suitable for ～,～に適した（適さない）
791,go on to do,次に...する 続けて...する
792,on the spot,その場で 即座に
793,with care,注意して 気をつけて
793.1,will have＋過去分詞,...してしまっているだろう（未来完了形）
793.2,it seems that ...,...のように見える〔思える〕
793.3,it is ～ for O to do,Oが...するのは～
793.4,in order that S may 〔can / will〕 ...,...するために
794,for the sake of ～,～のために
795,in pursuit of ～,～を探し求めて ～を得ようとして
796,in store for ～,～を待ち受けて ～に備えて
797,know ～ by heart,～をそらで覚えている ～を暗記している
798,inquire into ～,～を調べる
799,major in ～,～を専攻する
800,enter into 〔on〕 ～,～（新しい仕事など）を始める ～に取り掛かる
801,be ready to do,...する用意ができている ...する覚悟がある
802,keep pace with ～,～に遅れをとらないようにする ～についていく
803,fall behind （～）,（～に）後れをとる
804,a handful of ～,ひと握りの～ 少数の～
805,cope with ～,～に対処する
806,by no means,決して～ない
807,as a matter of fact,実際のところ
808,on the rise,上昇中で 増加中で
809,supply A with B,AにBを供給する
810,take ～ into account 〔consideration〕,～を考慮に入れる
811,be lacking 〔wanting〕 in ～,～が〔に〕欠けている
812,rob A of B,AからBを強奪する
813,be unwilling to do,...することに気が進まない ...したがらない
814,share A with B,AをBと共有する 分かち合う
815,be consistent with ～,～と一致する
816,turn a deaf ear to ～,～に耳を貸さない
816.1,to make matters worse,さらに悪いことには
816.2,manage to do,何とか〔どうにか〕...する
817,as of ～,～の時点で ～現在で
818,make up ～,～を構成する ～（割合）を占める ～をでっち上げる
819,on the increase,増加して
820,be bound to do,必ず...する ...する責任がある
821,on occasion(s),時々
822,for fear of ～,～を恐れて ～のないように
823,in danger of ～,～の危険にさらされて ～の恐れがあって
824,have an impact〔 effect；influence〕 on ～,～に影響を及ぼす
825,get lost,消える （道に）迷う 途方に暮れる
826,be proud of ～,～を誇りにする
826.1,That 〔This〕 is why ...,そういう〔こういう〕わけで...
826.2,not to mention ～,～は言うまでもなく
826.3,～ enough to do,...するのに十分～ ...できるくらい～
827,at the moment,現在 今のところ
828,as yet,今のところ 現時点では
829,run over ～,～（可能性）を考えてみる （車などが）～をひく
830,be convinced that ... 〔of ～〕,...であると〔～を〕確信している
831,be equal to ～,～に等しい ～をこなすことができる
832,be forced to do,...することを強いられる
833,add to ～,～を増やす
834,it turns out that ...,...だということが判明する
835,keep track of ～,～の動向・経緯を追う ～の記録をつける
836,find out (about) ～,～についてわかる ～に関して真相を知る
837,call up ～,～に電話をかける
837.1,what＋名詞 ...,...するすべての～
838,more than＋数量,～より多い
839,be in love with ～,～に恋している
840,so far,今（まで）のところ
841,for oneself,独力で
842,live up to ～,～（期待など）に添う
843,put off ～,～を嫌にさせる ～を延期する
844,at stake,危機に瀕して
845,go about ～,～（仕事・問題など）に取り組む
846,(as) compared to 〔with〕 ～,～と比べると
847,think much of ～,～を高く評価する ～を重んじる
848,tell A apart (from B),（Bと）Aを区別する
849,set 〔put；lay〕 aside ～,～をを無視する ～を取っておく
849.1,needless to say,言うまでもなく
849.2,when 〔while〕 ...,...時〔間〕（副詞節におけるS＋beの省略）
849.3,it is not too much to say (that) ...,...と言っても過言ではない
849.4,might as well ～ as ...,...するくらいなら～する方がましだ
850,fall in love with ～,～に恋をする
851,cheer up ～,～を元気づける ～を励ます
852,go through ～,～を経験する ～を通過する
853,interact with ～,～と交流〔対話〕する ～（物質などが）と相互作用する
854,in brief,要するに
855,furnish A with B,AにB（必要な物）を与える 供給する
856,provide for 〔against〕 ～,～に与える ～に備える
857,be afraid of ～,～を恐れている
858,by means of ～,～（の手段）によって
859,give (人) a hand,～(人)に手を貸す ～(人)の手助けをする
860,stand up,立ち上がる 立っている
861,ill at ease,居心地が悪い 落ち着かない
862,in any event,いずれにせよ とにかく
862.1,in ...ing,...する時に
862.2,so ～ that ...,大変～なので... ...であるほど～
863,count on 〔upon〕 ～,～を当てにする ～に（当然のように）頼る
864,dawn on ～,～にとって次第にわかるようになる
865,beat about 〔around〕 the bush,遠回しに言う
866,make it,うまくいく 間に合う
867,contrary to ～,～に反して
868,independent of ～,～に頼らない ～から独立した
869,at once,すぐに
870,compensate for ～,～を埋め合わせる ～（損失など）を補償する
871,appeal to A for B..,BのためにAに訴える
872,much 〔still〕 less ～,（否定文に続いて）まして～ない
873,out of order,故障して 順序がくるって
874,stand by ～,～の味方をする
875,be suited to ～,～に適した
875.1,on ～,～に（特定の日の朝・晩などに用いる）
