1,improve,を向上させる；よくなる,徐々に良くなっていくというイメージです。implove one'sEnglish「英語力を上げる」などでつかいます。
2,relate,を（...と）関連づける；（...に）関連する,relationship「関係」という単語が覚えやすいのでセットで覚えるといいです。
3,provide,を供給する（≒supply）,プロバイダーとはインターネットサービスを供給する会社です。
4,consider,を見なす；について考える,頭の中で何度も何度も考えるイメージです。繰り返す系なので～ingをとります。
5,include,を含む,中に(in)閉じる(clude)です。
6,concern,（受身形で）（...を）心配する；（...に）関係する；に関連する,関係、関心が本来の意味。関心が度を超すと心配になります。
7,involve,を関与させる；を伴う,中へ(in)回転する(volve)から。
8,produce,を生産する；を取り出す,日本語でプロデュースといえば、芸能関係なんですが、英語のプロデュースは農作物、工業製品、人材などなんでも使えます。
9,allow,を許す；を与える；（...を）考慮に入れる,美術館ではYou are not allowed to take picture here.という文が見かけられます。
10,require,を要求する；を必要とする,何度も(re)求める(quire)が本来の意味です。
11,appear,...のように見える；現れる→様子が現れる→～に見えるです。
12,tend,傾向がある；を世話する,本来は「伸びる」という意味。という意味。同じ現象が伸びて続く→～する傾向があるとなりました。
13,agree,意見が一致する；同意する,例文:I agree with you.
14,describe,について述べる,de(下に)scrib(書く)→書き留める→述べるになります。
15,add,を（...に）加える,facebookではadd meというメッセージが出てくることがあります。友達リストに加えてという意味です。
16,depend,頼る；...次第である,例文：It depends on the weather.
17,encourage,を励ます,人に勇気(courage)を込める(en)が語源です。
18,exist,存在する；生存する,ex(外に)sist=stand(立つ)が語源です。
19,reduce,を減らす；を（...に）変える,ゴミの３Rのひとつリデュースです。
20,adapt,適応する；を（...に）適合させる,電源アダプターは交流を直流電流に適応させるためのものです。adoptはopt(選択する)なので選んで採用するです。
21,compare,を比較する；を（...に）例える,一緒に(com)ペア(pare(pair))を作るので、人が二人集まると比較が起きます。
22,increase,増加する；を増やす,成長して伸びていく感じ。イメージはインクリ～スと伸ばしていく感じです。
23,suggest,を提案する；を暗示する,提案するの場合、that節の動詞は原型をとります。
24,cost,（費用）がかかる；を犠牲にさせる
25,share,を共有する；を分担する
26,wonder,かなと思う；（...に）驚嘆する
27,argue,と主張する（≒claim，maintain）；議論する
28,realize,に気づく；を実現する
29,control,を管理する；を制御する
30,affect,に影響を及ぼす（≒influence）；を感動させる
31,find,とわかる；を見つける
32,notice,に気づく
33,avoid,を避ける
34,force,に強いる；を強要する
35,offer,を提供する，申し出る
36,demand,を要求する
37,claim,と主張する；を自分のものだと主張する
38,deal,を処理する
39,store,を保存する；を蓄える
40,complete,を完成させる
41,value,価値；価格；評価；価値観
42,benefit,利益，恩恵；給付金
43,opportunity,機会（≒chance）
44,quality,質；特質
45,author,著者；張本人
46,technology,科学技術；応用技術
47,environment,環境（≒surroundings）
48,view,見解；眺め
49,situation,状況；（人の置かれた）立場
50,effect,影響，効果；結果
51,influence,影響（力）
52,term,（専門）用語；条件；間柄；学期
53,skill,技能；熟練
54,theory,理論，学説；原理；推測
55,issue,問題（点）；発行（物）；発表
56,subject,話題；学科；主題；被験者
57,article,記事；条項；品物
58,statement,主張；声明；明細書
59,experiment,実験
60,figure,数字；姿；人物；図（表）
61,evidence,証拠
62,industry,産業；勤勉（≒diligence）
63,economy,経済；節約
64,medicine,医薬（≒medication）；医学
65,matter,問題；事態；困難；物質
66,material,材料；資料；生地
67,species,（生物の）種；種類
68,practice,（社会の）慣習；実践；練習
69,focus,焦点；関心の的
70,memory,記憶（力）；（...の）思い出
71,right,権利；右；正しいこと
72,accord,一致；合意，協定
73,thought,考え；思考
74,interest,興味；利子；利害
75,account,説明；勘定；口座
76,cause,原因；理由；大義
77,sound,音；響き，印象
78,individual,個人
79,certain,確信して；確かな；ある；一定の
80,possible,可能な；可能性のある
81,likely,ありそうな
82,available,手に入る；利用できる；手が空いている
83,social,社会的な；社交の
84,public,公の；公開の
85,physical,身体の；物質的な；物理学の
86,scientific,科学的な；（自然）科学の
87,common,普通の；共通の；一般の
88,general,全般的な；一般的な
89,particular,特定の；特別の；（...について）やかましい
90,similar,似ている；同様の
91,various,さまざまな；いくつかの
92,native,出生地の；原産の；生得の
93,patient,忍耐強い；勤勉な
94,recent,最近の
95,even,...さえ；（比較級の前で）いっそう
96,yet,それでも；まだ；もう
97,rather,かなり；むしろ；それどころか
98,instead,その代わりに；そうではなくて
99,simultaneously,同時に；一斉に
100,each,それぞれ；どれもこれも
101,challenge,に異議を唱える；（人）に挑む
102,determine,を決定する；を正確に知る
103,manage,をどうにか成し遂げる；を管理する
104,maintain,を維持する；と主張する
105,refer,言及する；関連する；参照する
106,approach,に近づく；に取り組む
107,advance,進歩する；進む；を進める
108,express,を表現する
109,spread,を広める；広がる
110,occur,起こる；心に浮かぶ；現れる
111,observe,に気づく；を観察する；を遵守する
112,recognize,を識別できる；を認める
113,suppose,と思う；と仮定する
114,regard,を見なす；を見る；を評価する
115,treat,を扱う；を治療する
116,search,捜す；を捜索する；を詳しく調べる
117,prove,を証明する；わかる，判明する
118,establish,を設立する；を確立する
119,mention,に言及する；と言う
120,represent,を表す；を代表する
121,prefer,の方を好む
122,apply,申し込む；（...に）適用される；を（...に）適用［応用］する
123,seek,を追い求める；（助けなど）を要請する
124,publish,を出版する；を公表する
125,perform,を行う；を演じる，演奏する
126,gain,を獲得する；（を）増す
127,fit,（に）適合する；を（...に）はめ込む；を（...に）合わせる
128,contain,を含む；の収容能力がある；を抑える
129,supply,を供給する
130,prepare,を準備する；を調理する；（...のために）準備をする
131,bear,に耐える（≒stand，endure）；を負う；を産む；を運ぶ
132,prevent,を妨げる；を防ぐ
133,object,反対する
134,decline,衰退する；減少する；を断る
135,replace,に取って代わる；を取り替える
136,connect,をつなぐ；を（...と）関連づける
137,attend,に出席する；（の）世話をする；（...に）精を出す
138,survive,生き延びる；を切り抜けて（生き）残る；より長生きする
139,respect,を尊敬する；を尊重する
140,waste,を浪費する
141,advantage,利点；優勢；有利，得
142,resource,資源；資金；才覚
143,medium,（情報伝達の）媒体；手段
144,method,方法；体系；秩序
145,attitude,考え方；態度
146,structure,構造；体系；構造物
147,function,機能；関数
148,feature,特徴；顔つき；特集記事［番組］
149,aspect,（物事の）側面；観点；様相
150,content,内容；中身；コンテンツ
151,detail,詳細（な情報），細部
152,range,範囲；射程距離；並び
153,region,地域；領域；部位
154,trade,貿易；商売，取引
155,habit,習慣，癖
156,cell,細胞；小個室；電池
157,fuel,燃料；勢いを増加させるもの
158,bill,請求書；勘定書（≒check）；法案
159,charge,料金；世話；管理；告発
160,fine,罰金
161,temperature,温度；体温；熱
162,decade,10年間
163,emotion,感情，情動；感動
164,explanation,説明；解釈；理由
165,solution,解決（策）；溶液
166,degree,程度；度；学位；等級
167,access,接近，利用（の機会）
168,contrast,対照
169,status,地位；状態
170,surface,表面；外見
171,conflict,争い；論争；不一致
172,audience,聴衆；視聴者
173,clay,粘土
174,epoch,時代；画期的な出来事
175,profit,利益；収益（率）；得
176,income,収入
177,ancestor,先祖；先駆者；原型
178,crop,作物；収穫高
179,significant,重要な；意義深い
180,necessary,必要な
181,appropriate,適切な
182,correct,正しい；適切な
183,worth,の価値がある；（～する）に値する
184,positive,積極的な；肯定的な；明確な；確信して
185,plastic,柔軟な；プラスチックの，ビニールの
186,political,政治（上）の
187,official,公式の；公用の；役所の
188,private,私的な；民営の
189,ancient,古代の；昔からの
190,due,（支払）期日で；予定された；しかるべき
191,complex,複雑な；複合（体）の
192,mobile,可動［移動］式の；流動性のある
193,blank,空白の；無表情な；がらんとした
194,male,男性の；男らしい
195,therefore,それゆえに
196,thus,したがって；このように；次のように
197,eventually,結局（は）
198,otherwise,さもなければ；その他の点では；違った風に
199,despite,...にもかかわらず
200,both,両方とも；両方の
201,succeed,成功する；継承する
202,identify,を特定する；を（...と）同一視する
203,reflect,を反映する；（を）反射する；（を）熟考する
204,assume,を当然のことと思う；を手に入れる；を引き受ける
205,estimate,と推定する；を見積もる；を評価する
206,define,を定義する；を規定する
207,indicate,を指し示す；を述べる
208,reveal,を明らかにする；を見せる
209,attempt,を試みる，企てる
210,respond,反応する；答える
211,associate,を結び付けて考える；（...と）交際する
212,examine,を調べる；を診察する；を尋問する
213,address,（問題など）を扱う；に演説する；（手紙など）を（...あてに）出す
214,trust,を信頼する；を託する
215,doubt,を疑う；（...では）ないと思う
216,ignore,を無視する
217,refuse,を拒む；を断る
218,complain,（と）不平［苦情］を言う；訴える
219,decrease,減少する；を減らす
220,vary,さまざまである
221,emerge,現れる；明らかになる；台頭する
222,match,と合う；に匹敵する
223,stick,を動けなくさせる；（...に）くっつく
224,hide,を隠す（≒conceal）；隠れる
225,attract,を引きつける
226,promote,を促進する；（受身形で）昇進する
227,satisfy,を満足させる；を満たす
228,earn,を稼ぐ；を得る；をもたらす
229,preserve,を保持する；を守る；を保存する
230,enable,（人）にとって（～するのを）可能にする
231,destroy,を破壊する；（人）を破滅させる
232,tear,を引き裂く；裂ける
233,suffer,苦しむ；患う；（苦痛など）を経験する
234,survey,を調査する；を概観する
235,divide,を分ける；分かれる
236,conduct,を実施する
237,graduate,卒業する
238,contribute,寄与［貢献］する；（を）寄付する；（を）寄稿する
239,desire,を強く望む
240,relax,くつろぐ；緩む；をくつろがせる；を緩める
241,target,（到達）目標；的
242,aim,目的
243,principle,主義，信条；原則，原理
244,norm,規範；標準
245,strategy,戦略
246,track,跡；軌道；（鉄道の）番線；走路
247,progress,進歩；前進
248,personality,個性，性格
249,characteristic,特徴
250,manner,方法；物腰；作法
251,device,装置，機器；方策
252,origin,起源；源
253,gene,遺伝子
254,atmosphere,大気；雰囲気
255,trend,傾向；流行
256,phenomenon,現象
257,context,状況，背景；文脈
258,circumstance,状況，事情；境遇
259,pain,苦痛；苦悩；骨折り
260,struggle,闘い；懸命の努力
261,pollution,汚染
262,threat,脅威；兆し，恐れ；脅迫
263,disaster,災害；惨事
264,consequence,結果；重大性
265,revolution,革命；回転；（天体の）公転
266,majority,大部分；多数派
267,mass,かたまり；大量；一般大衆
268,stock,在庫品；蓄え；株
269,wealth,富；資源；富裕（状態）
270,literature,文学；文献；印刷物
271,authority,（関係）当局；権威；権限
272,institution,機関；協会；施設；制度
273,custom,（社会的な）慣習；税関；関税
274,sight,光景；名所；目にすること；視野；視力
275,display,（感情などの）表れ；展示；誇示
276,colleague,（職場の）同僚（≒coworker）
277,resident,居住者
278,vehicle,乗り物，車；伝達手段，媒体
279,essential,必要不可欠な；本質的な
280,aware,気づいて
281,mental,精神の；知能の
282,academic,学問の；大学の
283,ordinary,並の；普通の；常勤の
284,familiar,精通している；よく知られている
285,novel,目新しい，斬新な
286,specific,特定の；明確な，具体的な；（...に）特有の
287,chemical,化学の，化学的な
288,financial,財政（上）の；財界の
289,active,活動的な；効力のある；積極的な
290,negative,否定の；消極的な；負の
291,direct,直接の；率直な
292,obvious,明らかな（≒clear）
293,current,現在の；現代の；通用している
294,urban,都市の；都会的な
295,furthermore,さらに
296,likewise,同様に
297,though,（文中，文末で）けれど
298,nevertheless,それにもかかわらず（≒nonetheless）
299,thereby,それによって
300,hence,それゆえに（≒therefore）
301,appreciate,を正当に評価する；を鑑賞する；を感謝する
302,admit,（を）認める；に（...への）入場［入学など］を認める
303,predict,を予言［予測］する
304,acquire,を得る；を習得する
305,adopt,を採用する；（態度など）をとる；を養子にする
306,purchase,を購入する
307,afford,を持つ［する］余裕がある；を与える
308,consume,を消費する；を食べる，飲む
309,remove,を取り除く；を解雇する
310,suit,に適する；に似合う；を適合させる
311,expand,（を）拡大する；（を）詳説する
312,extend,を伸ばす，延ばす；伸びる；及ぶ
313,explore,（を）調査する；（を）探検する
314,judge,（を）判断する；に判決を下す
315,demonstrate,を論証［証明］する；デモをする
316,insist,（を）強く主張する
317,appeal,訴える；抗議する；上訴する
318,convince,を納得［確信］させる
319,settle,を解決する；（に）移り住む
320,aid,を援助する，助ける
321,educate,を教育する；に教える；（能力など）を養う
322,engage,を従事させる；を（...として）雇う；（...に）従事する
323,combine,を結び付ける；（...と）結び付く
324,organize,を組織する；を準備する
325,operate,を操作する；機能する；手術する
326,recall,を思い出す；を呼び戻す
327,rely,頼る（≒depend）
328,amaze,をびっくりさせる
329,confuse,を混同する；を当惑させる
330,blame,を責める；の責任を負わせる
331,criticize,を批判する；を批評する
332,behave,振る舞う；作用する
333,encounter,に遭遇する；に（思いがけず）出会う
334,select,を選ぶ，精選する
335,flow,流れる；（...から）生じる
336,evolve,（徐々に）発展する；進化する
337,freeze,凍る；態度を硬くする；を凍らせる
338,release,を放出する；を解放する；を発表する
339,locate,の位置を探し当てる；（受身形で）位置する
340,advertise,を宣伝する；（...を求める）広告を出す
341,imagination,想像（力）
342,perspective,観点；大局観；遠近法
343,confidence,自信；信頼；秘密
344,achievement,業績；達成，成就
345,reward,報酬；報い
346,corporation,（大）企業；法人
347,capital,資本；首都；大文字
348,client,顧客（≒customer）；（弁護士などの）依頼人
349,crisis,危機
350,harm,害
351,victim,犠牲（者），被害者
352,option,選択（の自由）；選択肢
353,campaign,運動；軍事行動
354,court,裁判所，法廷；裁判；宮廷；中庭
355,code,規範；暗号，符号；法典
356,criminal,犯罪者，犯人
357,agriculture,農業；農学，畜産
358,religion,宗教；信条；信仰（心）
359,philosophy,哲学；原理；人生観
360,conference,会議；協議
361,document,（公）文書；記録，資料
362,statistics,統計；統計学
363,analysis,分析（結果）
364,hypothesis,仮説；憶測
365,notion,概念，観念；見解；意向
366,stereotype,固定観念；決まり文句
367,review,（書物などの）論評；再調査；復習
368,vocabulary,語彙
369,organ,臓器；組織
370,gender,（社会的・文化的）性別
371,fossil,化石；時代遅れの人［物］
372,glacier,氷河
373,laboratory,実験室，研究室
374,virus,ウイルス；（感染症の）病原体
375,occasion,場合，時；行事；機会
376,minister,大臣；（プロテスタント系の）聖職者
377,presence,存在；出席；面前
378,substance,物質；実質；趣旨
379,creative,創造的な，独創的な；創造力のある
380,potential,潜在的な；可能性を秘めた
381,independent,独立した
382,willing,いとわない
383,efficient,効率的な；有能な
384,ideal,理想的な；観念的な
385,genetic,遺伝（子）の；発生の
386,entire,全体の，全部の（≒whole）；完全な
387,relative,相対的な；比較上の；（...と）関連した
388,extreme,極端な；極度の，過激な
389,vast,広大な；莫大な
390,tiny,とても小さな；わずかな
391,desert,人の住まない；砂漠の（ような）
392,rural,田舎の
393,previous,以前の，前の
394,legal,法律の；合法の
395,nowadays,近ごろは（≒today）
396,seldom,めったに...ない（≒rarely）
397,meanwhile,（2つの事柄を対比して）一方；その間
398,latter,（二者のうちの）後者
399,versus,（A versus B で）A対B；AかBか
400,all,すべて（のもの）；全く
401,perceive,を知覚する
402,expect,を予期する；を期待する
403,intend,を意図する
404,request,を要請する；に（～するように）頼む
405,remind,に思い出させる
406,inspire,（人）を触発する；を喚起する
407,fascinate,を魅了する
408,emphasize,を強調する；を重視する
409,recommend,を勧める
410,propose,を提案する；をもくろむ；結婚を申し込む
411,distinguish,を区別する
412,complicate,を複雑にする
413,transform,を変える；変わる
414,credit,（功績など）を（...に）帰する；を信じる
415,reserve,（判断など）を保留する；を予約する；を取っておく
416,oppose,に反対する；を対抗［対比］させる
417,deny,を否定する；を拒む
418,reject,を拒否する
419,ban,を（法的に）禁止する；を締め出す
420,frighten,（人）を怖がらせる
421,participate,参加する
422,compete,競う；匹敵する
423,overcome,を克服する
424,arise,生じる
425,generate,を生み出す
426,obtain,を得る
427,employ,を雇う；を使う
428,import,を輸入する；を取り入れる
429,handle,を処理する；を論じる；を商う
430,repair,を修理する（≒fix）；を修復する
431,cure,を治す；を除去する；（病気が）治る
432,transport,を輸送する
433,deliver,を配達する；（演説・講義）をする；子を産む
434,rush,急いで行く；性急に行動する；をせき立てる
435,commit,深くかかわる；（罪など）を犯す
436,hate,をひどく嫌う；を残念に思う
437,regret,を後悔する
438,consist,（...から）成る；（...に）ある
439,translate,を翻訳する；を（...に）変える
440,conclude,と結論づける；を締めくくる；を締結する
441,comfort,快適さ；慰め
442,facility,施設，設備；機能；才能
443,trait,特性（≒feature）
444,humanity,人類；人間性；人情
445,tribe,部族
446,elite,エリート
447,lawyer,弁護士
448,category,部類；区分
449,version,（本・製品などの）版；解釈
450,diversity,多様性；相違点
451,proportion,割合；部分；釣り合い
452,instrument,器具；楽器
453,innovation,革新；新機軸
454,weapon,兵器，武器
455,dialect,方言
456,barrier,障壁；防壁；境界線
457,myth,作り話；神話
458,ritual,儀式；（日常の）習慣的行為
459,routine,決まり切った仕事；いつもの手順
460,emergency,緊急（事態）
461,alarm,不安；警報
462,harvest,収穫（物）；漁獲高
463,grain,穀物；粒；きめ
464,quantity,量
465,budget,予算；経費
466,expense,経費；費用；犠牲
467,insurance,保険；保険料；保険金
468,loan,貸付金，融資；貸し付け
469,contract,契約（書）；協定
470,mammal,哺乳動物
471,infant,乳児；幼児
472,protein,たんぱく質
473,tissue,（生物の）組織；ティッシュペーパー
474,fault,責任；欠点；誤り
475,neighborhood,地域；近所
476,vote,投票；投票結果；選挙権
477,duty,義務；職務；関税
478,psychology,心理学
479,intelligent,聡明な；知能を有する
480,conscious,意識して，気づいて（≒aware）
481,cognitive,認知の
482,sensitive,敏感な；神経質な；微妙な
483,accurate,正確な；精密な
484,strict,厳格な；（規則などが）厳しい
485,severe,（人・規律などが）厳しい；猛烈な
486,actual,実際の
487,visual,視覚の；目に見える
488,FALSE,誤った；うその；偽の
489,illegal,違法の，不法の
490,violent,暴力的な；（人・気質が）激しい
491,military,軍の
492,civil,市民の；民間の；民事の
493,typical,典型的な；（...に）特有の
494,universal,普遍的な；宇宙の；万能の
495,constant,絶え間ない；一定の
496,fundamental,基本的な；必須の
497,primary,最も重要な；第一の；初等（教育）の
498,rare,珍しい，希少な
499,convenient,便利な，都合のいい
500,enormous,巨大な，莫大な
501,concentrate,（を）集中する
502,investigate,を調査する；を究明する；（...を）調査する
503,adjust,を調整する；を適合させる；順応する
504,arrange,の段取りをつける；を手配する；を配置する
505,alter,を変える；変わる（≒change）
506,confirm,を確認する
507,absorb,を吸収する；を併合する
508,expose,をさらす；を暴露する；を露出する
509,transfer,を移す；を伝える；移る；乗り換える
510,abandon,を捨てる；を放棄する
511,injure,を傷つける；を損なう（≒hurt）
512,recover,回復する；を取り戻す
513,praise,を賞賛する；賛美する
514,favor,に賛成する；を好む；をひいきする
515,celebrate,を祝う；を挙行する
516,guarantee,を保証する
517,ensure,を確実にする（≒make
518,award,を授与する；を裁定する
519,grant,を与える；を認める
520,permit,を許可する（≒allow）
521,disappoint,を失望させる；（希望など）をくじく
522,embarrass,に恥ずかしい思いをさせる
523,bother,を悩ます；（...を）気にかける
524,upset,を動揺させる；をだめにする
525,inform,に知らせる；情報を提供する
526,warn,（人）に警告する
527,command,と命じる；を指揮する；を支配する
528,imply,を暗に意味する；を必然的に伴う
529,pretend,のふりをする
530,interpret,を解釈する；（を）通訳する
531,react,反応する；化学反応を起こす
532,interact,影響し合う；相互に作用する
533,differ,異なる
534,breathe,呼吸する；を吸う
535,stare,（を）じっと見る
536,breed,を飼育する，繁殖させる；繁殖する；生じる
537,melt,溶ける；なごむ；を溶かす
538,invest,（を）投資する；に（...を）与える
539,manufacture,を製造する；をでっち上げる
540,construct,を建設する；を構成する
541,wisdom,知恵；学識
542,insight,洞察力，見識
543,discipline,規律，しつけ；訓練；懲戒；学問分野
544,habitat,生息地；（人の）居住地
545,territory,領土；（活動などの）領域
546,colony,植民地；居留地；（動植物の）コロニー
547,district,地区；行政区
548,shelter,避難（所），保護
549,landscape,風景；領域
550,inhabitant,住民；生息動物
551,depression,憂うつ；うつ病；不況；低気圧
552,nerve,神経；神経過敏；（～する）度胸
553,wound,傷；痛手
554,symptom,症状；兆候（≒sign）
555,therapy,療法；心理療法
556,welfare,福祉，幸福
557,incident,出来事，事件；紛争
558,witness,目撃者（≒eyewitness）；証人；証拠，証言
559,glance,ちらっと見ること
560,ray,光線
561,ingredient,成分，材料；要素
562,agent,仲介者，代理人；薬剤
563,fee,料金；謝礼
564,sacrifice,犠牲；いけにえ
565,burden,負担；（重い）義務；積み荷
566,layer,層
567,row,列；（建物が並ぶ）通り
568,instruction,指示；（製品の）使用書
569,editor,編集者
570,stuff,（漠然と）物；素材；素質
571,mission,使命；（外交）使節団
572,procedure,手続き；（一連の）措置
573,immigration,（外国からの）移住；入国管理事務所
574,hybrid,ハイブリッド車；（動植物の）雑種；混成物
575,opponent,（試合・論争などの）相手；反対者
576,outcome,結果（≒result）
577,equality,平等，対等
578,reputation,評判
579,capable,能力がある；有能な
580,proper,適切な；正式の；（...に）固有の
581,sufficient,十分な
582,reasonable,合理的な；分別のある；（値段が）手ごろな
583,linguistic,言語の
584,verbal,言葉の；口頭での；逐語的な
585,bilingual,2言語を使う
586,contemporary,現代の；同時代の；同年輩の
587,conventional,従来の；月並みな
588,overall,全体的な
589,widespread,広範囲にわたる；広く普及した
590,domestic,家庭の；国内の；（動物が）飼いならされた
591,distant,遠い；隔たった
592,nuclear,核の，原子力の
593,thick,厚い；太い；濃い
594,contrary,反対の
595,virtual,仮想の；事実上の
596,aggressive,攻撃的な；意欲的な
597,evil,邪悪な；有害な
598,elementary,初級の；基本的な
599,annual,1年間の；年1回の，例年の
600,immediate,即座の；当面の；すぐそばの；直接の
601,admire,に（...のことで）感嘆する
602,approve,賛成する；を承認する
603,devote,をささげる
604,pursue,を追求する；に従事する
605,dominate,を支配する；（...より）優勢である
606,possess,を所有している；の心をとらえる
607,occupy,（空間・時間）を占める；を占領する
608,secure,を確保する；を守る
609,capture,を捕らえる；を引きつける
610,lend,を貸す；（人）に（物）を与える
611,rent,を賃借りする；を賃貸しする
612,persuade,を説得する；に確信させる
613,urge,に促す；を強く主張する；を追い立てる
614,stimulate,を刺激する
615,annoy,を悩ます；（受身形で）腹が立つ
616,scare,をおびえさせる；を脅す
617,crash,衝突する，墜落する；をぶつけて壊す
618,collapse,崩壊する；（人が）倒れる；を折り畳む
619,remark,と述べる；（...について）意見を述べる
620,illustrate,を説明する；に挿絵を入れる
621,protest,抗議する；を主張する
622,declare,を宣言する；を申告する
623,isolate,を孤立させる
624,accompany,に同行する；に付随する
625,surround,を取り巻く；にまつわる
626,endanger,を危険にさらす
627,exhaust,を疲れ果てさせる；を使い尽くす；排気する
628,disturb,をかき乱す；を邪魔する；を不安にする
629,puzzle,を当惑させる
630,quit,をやめる；（場所）を去る
631,cope,うまく処理する
632,enhance,（価値など）を高める
633,ease,を軽減する；和らぐ；緩む
634,apologize,謝る；弁明する
635,acknowledge,を認める（≒admit）；に謝意を表す
636,resemble,に似ている
637,swallow,（を）飲み込む；をうのみにする；に耐える
638,distribute,を分配する；（受身形で）分布する
639,export,（を）輸出する
640,launch,を開始する；を売り出す；を発射する
641,justice,公正，正義；司法
642,courage,勇気
643,passion,情熱；熱中；激怒
644,bond,絆；債券；束縛；接着剤
645,companion,連れ；仲間
646,mood,気分；機嫌；雰囲気
647,prejudice,偏見（≒bias）
648,discrimination,差別；区別
649,priority,優先（事項）
650,globe,地球（≒earth）；世界；球
651,hemisphere,半球
652,boundary,境界（線）；限界
653,asteroid,小惑星；ヒトデ
654,gravity,重力，引力；重量；重大さ
655,component,構成要素；部品
656,liquid,液体
657,orbit,軌道；範囲
658,trace,痕跡；微量
659,treasure,宝物；財産
660,logic,論理；道理；原理
661,council,（地方）議会；評議会；（公の）会議
662,profession,職業；専門職；同業者仲間
663,secretary,秘書；事務官；長官
664,jury,陪審（員団）；審査員団
665,physician,内科医
666,surgeon,外科医；軍医
667,guard,護衛者；監視，警戒
668,license,免許（証）
669,grocery,食料雑貨；食料雑貨店
670,litter,ごみ；乱雑な状態
671,drought,干ばつ；（慢性的な）不足
672,blaze,炎；強い輝き
673,trap,わな；苦境
674,fate,運命；結末；最期
675,luxury,ぜいたく（品）；（形容詞的に）豪華な
676,exception,例外
677,sum,金額；合計；要点
678,conservation,（動植物などの）保護；保存
679,democratic,民主主義の；民主的な
680,numerous,非常に数の多い
681,minor,小さい；重要でない
682,superior,よりすぐれた
683,principal,主要な；資本金の
684,crucial,重要な；厳しい
685,vital,必要不可欠な；生き生きした；生命にかかわる
686,rational,理性的な；合理的な
687,anxious,心配して；切望して
688,curious,好奇心の強い；奇妙な
689,rude,無礼な；粗野な
690,remote,遠く離れた；かけ離れた
691,tropical,熱帯の
692,marine,海の；船舶の
693,extraordinary,異常な；並はずれた
694,odd,奇妙な（≒strange）；奇数の
695,biological,生物学（上）の
696,racial,人種の，民族の
697,initial,初めの
698,distinct,明らかに異なる；明瞭な
699,pure,純粋な；潔白な；全くの
700,exact,正確な；まさにその
701,sustain,を持続させる
702,defend,を防御する
703,foster,を促進する
704,pile,を積み重ねる
705,attach,を付ける
706,pour,を注ぐ
707,load,に積む
708,stretch,を伸ばす
709,convey,を伝える
710,derive,由来する
711,tap,有効利用する
712,calculate,を計算する
713,suspect,でないかと思う
714,detect,を感知する
715,attribute,(結果など)帰する
716,evaluate,を評価する
717,accuse,を非難する
718,sue,を告訴する
719,retire,引退する 退職する
720,shrink,縮む
721,bow,おじぎする
722,peer,じっと見る
723,delight,を喜ばせる
724,relieve,を和らげる
725,discourage,(人)にやる気をなくさせる
726,frustrate,を挫折させる
727,neglect,を怠る
728,resist,に抵抗する
729,restrict,を制限する
730,eliminate,を取り除く
731,beat,打つ
732,defeat,を負かす
733,punish,を罰する
734,prohibit,を禁止する
735,deserve,に値する
736,pose,(問題など)を提起する
737,fold,を折り畳む
738,monitor,を監視する
739,specialize,専門とする
740,accomplish,を成し遂げる
741,faith,信頼
742,ambition,野望
743,enthusiasm,熱情
744,honor,光栄
745,discount,割引
746,fare,(乗り物の)料金
747,frame,枠 縁
748,mode,方式
749,architecture,建築
750,sequence,一連
751,usage,語法
752,abuse,濫用
753,pesticide,殺虫剤
754,pollen,花粉
755,prefecture,県 府
756,geography,地理
757,administration,管理
758,candidate,候補
759,rubbish,ごみ
760,bias,偏見
761,vice,悪
762,debt,借金
763,prospect,見込み
764,expedition,遠征
765,session,集まり
766,semester,学期
767,reef,(岩や砂の)礁
768,mineral,鉱物
769,sibling,きょうだい
770,proverb,ことわざ
771,instinct,本能
772,minimum,最小限度
773,millennium,千年間 千年紀
774,donor,寄贈者
775,herd,(牛などの)群れ
776,league,(競技)連盟
777,cooperation,協力
778,fairy,妖精の(ような)
779,precise,正確な
780,intense,強烈な
781,solid,個体の
782,permanent,永続的な
783,brief,短い
784,flexible,融通の利く 柔軟な
785,informal,形式ばらない 略式の
786,temporary,一時的な
787,frequent,頻繁な
788,visible,(目に)見える
789,external,外部の
790,internal,内部の
791,plain,明らかな
792,modest,謙虚な
793,equivalent,等しい 相当する
794,incredible,信じられない
795,guilty,罪悪感のある
796,raw,生の
797,manual,体を使う
798,literary,文学の
799,artificial,人工の
800,sophisticated,洗練された
801,polish,を磨く
802,embrace,を受け入れる
803,compose,を構成する
804,imitate,をまねる
805,yield,をもたらす
806,exhibit,を展示する
807,impress,を感動させる
808,overwhelm,を圧倒する
809,interrupt,を中断させる
810,endure,に耐える
811,confront,に立ち向かう
812,consult,相談する
813,bump,に偶然出会う
814,dispute,に異議を唱える
815,negotiate,交渉する
816,justify,を正当化する
817,resolve,を解決する
818,reverse,を逆転させる
819,convert,を変える
820,impose,を課す
821,govern,支配する
822,esteem,を尊敬する
823,assist,援助する
824,rescue,を救う
825,entertain,を楽しませる
826,ruin,をだめにする
827,bury,を埋める
828,owe,に借りがある
829,chew,噛む
830,bend,を曲げる
831,quote,を引用する
832,classify,を分類する
833,seal,を密閉する
834,arrest,を逮捕する
835,substitute,を代わりに使う
836,retain,を保持する
837,restore,を回復させる
838,float,浮かぶ
839,leap,飛ぶ
840,blossom,花が咲く
841,merit,利点
842,faculty,能力 機能
843,charm,魅力
844,nutrition,栄養
845,beverage,(水以外の)飲み物 飲料
846,recipe,調理法 レシピ
847,molecule,分子
848,ecology,生態学
849,ethics,倫理 道徳
850,mankind,人類
851,nationality,国籍
852,pension,年金
853,scheme,計画
854,haven,避難所 保護区
855,formation,形成
856,skeleton,骨格
857,core,核心
858,stem,(草木の)茎 幹
859,span,期間
860,limitation,制限
861,obstacle,障害
862,province,州 県
863,galaxy,星雲 銀河
864,sensation,感覚
865,sympathy,同情
866,pity,哀れみ
867,tragedy,悲劇
868,divorce,離婚
869,theft,窃盗
870,panic,パニック
871,retreat,後退 退却
872,jail,刑務所 拘置所
873,blade,刀
874,stroke,脳卒中
875,clue,手がかり
876,queue,列
877,enterprise,企業
878,fortune,財産
879,stable,安定した
880,steady,着実な
881,mature,成熟した
882,eager,熱望して
883,reluctant,気が進まない 嫌がる
884,humorous,ひょうきんな
885,fluent,流ちょうな
886,prime,最も重要な 第一の
887,precious,貴重な
888,artistic,芸術的な
889,ethnic,民族の 人種の
890,primitive,原始的な
891,federal,連邦の
892,royal,王の
893,mutual,相互の
894,apparent,明白な
895,casual,何気ない
896,slight,わずかな
897,mere,単なる ほんの
898,spare,余分の
899,abstract,抽象的な
900,ultimate,究極の
901,venture,危険を冒して進む
902,chase,追跡する
903,migrate,移住する
904,flee,逃げる
905,swing,を揺らす 振る
906,hesitate,躊躇する
907,postpone,を延期する
908,withdraw,を引き出す
909,grip,を握る
910,grab,をつかむ
911,grasp,を把握する
912,gaze,じっと見る
913,scan,を注意深く調べる
914,forecast,を予期する
915,register,を記録する 登録する
916,advocate,を主張する
917,trigger,を引き起こす
918,cultivate,を養う
919,qualify,(人)に資格を与える
920,interfere,干渉する 介入する
921,clog,を詰まらせる
922,distract,(注意など)をそらす
923,forbid,を禁じる
924,deceive,をだます
925,overlook,を見落とす
926,dismiss,(意見など)を避ける
927,spoil,を台無しにする
928,yawn,あくびをする
929,greet,に挨拶する
930,nod,うなずく
931,obey,に従う
932,undergo,を経験する
933,rear,(人・動物・植物)を育てる
934,heal,を治す
935,cite,を引き合いに出す
936,modify,を修正する
937,exaggerate,誇張する
938,burst,破裂する
939,thrill,をぞくぞくさせる
940,exceed,を超える
941,privilege,特権 特典
942,liberty,自由
943,prosperity,繁栄
944,heritage,遺産
945,congress,(米国などの)議会
946,parliament,(英国などの)議会
947,infrastructure,(経済)基盤
948,dimension,側面 局面
949,portion,部分
950,supplement,栄養補助剤
951,appetite,食欲
952,temper,気質 気性
953,fancy,(気まぐれな)好み
954,illusion,錯覚 思い違い
955,fatigue,疲労
956,stress,ストレス
957,hazard,危険
958,infection,感染
959,famine,飢饉
960,chaos,混沌 大混乱
961,distress,苦悩
962,shame,恥
963,cattle,(集合的に)牛
964,predator,捕食動物
965,wilderness,荒野
966,shade,(日)陰
967,monk,修道士 僧
968,priest,聖職者
969,funeral,葬儀
970,transition,移り変わり
971,circulation,循環
972,adolescent,青年
973,equation,方程式
974,patent,特許(権)
975,metaphor,隠喩
976,narrative,物語 話
977,consent,同意 承諾
978,dignity,尊厳
979,relevant,関係がある
980,adequate,十分な
981,genuine,本物の
982,prompt,迅速な
983,intimate,親密な
984,alert,警戒して
985,conservative,保守的な
986,indifferent,無関心な
987,alien,異質の
988,random,無作為の
989,subtle,微妙な
990,moderate,適度な
991,multiple,多様な
992,polar,極地の
993,arctic,北極の
994,acid,酸性の
995,cosmetic,化粧の 美容の
996,extinct,絶滅した
997,spiritual,精神の
998,meaningful,意味のある
999,mechanical,機械の
1000,dynamic,活動的な
1001,boost,を高める
1002,reinforce,を強化する
1003,accumulate,を蓄積する
1004,nurture,をはぐくむ
1005,accustom,(人)を慣れさせる
1006,correspond,一致する
1007,assign,を配属する
1008,regulate,を規制する
1009,violate,を侵害する
1010,irritate,をいらいらさせる
1011,insult,を侮辱する
1012,diminish,を減らす
1013,exclude,を除外する
1014,rob,から(金品を)奪う
1015,deprive,から(権利などを)奪う
1016,deposit,を置く
1017,twist,をねじる ひねる
1018,blend,を混ぜる
1019,mount,に着手する
1020,pitch,を投げる
1021,cast,を投げる
1022,dump,を投棄する
1023,anticipate,を予期する
1024,assess,を評価する
1025,pronounce,を宣言する
1026,spell,(語)をつづる
1027,portray,を描く
1028,astonish,を驚かす
1029,emit,(光・音など)を出す
1030,cough,咳をする
1031,wander,歩き回る
1032,drift,漂う
1033,cease,をやめる
1034,underlie,の根底にある
1035,constitute,を構成する
1036,resort,(好ましくない手段に)訴える
1037,decorate,を装飾する
1038,reform,を改革する
1039,conquer,を征服する
1040,persist,固執する
1041,incentive,動機(付け)
1042,intuitive,直観(力) 直感
1043,impulse,衝動
1044,fantasy,空想
1045,destiny,運命
1046,virtue,美徳
1047,compliment,賛辞
1048,anniversary,記念日
1049,hive,ミツバチの巣
1050,nursery,託児所
1051,dormitory,寮
1052,gallery,美術館 画廊
1053,mill,製造工場
1054,output,生産(高)
1055,joint,関節
1056,phase,段階
1057,particle,(微)粒子
1058,column,コラム
1059,margin,余白
1060,crack,割れ目
1061,mess,散らかった状態
1062,spectator,(試合などの)観客
1063,prey,獲物
1064,irrigation,灌漑
1065,fluid,流動体 液体
1066,prairie,大草原
1067,estate,(動産・不動産などの)財産
1068,plot,(小説などの)筋
1069,realm,領域
1070,deadline,締め切り
1071,poll,世論調査
1072,census,国勢調査
1073,controversy,論争
1074,combat,戦闘
1075,consensus,総意
1076,treaty,(国家間の)条約
1077,remedy,治療(法)
1078,triumph,勝利
1079,competent,有能な
1080,brilliant,すばらしい
1081,sensible,賢明な
1082,generous,寛大な
1083,brave,勇敢な
1084,optimistic,楽観的な
1085,passive,受動的な
1086,harsh,厳しい
1087,ugly,醜い
1088,sensory,感覚の
1089,oral,口頭の
1090,awkward,気まずい
1091,neutral,中立の
1092,vague,漠然とした
1093,urgent,緊急の
1094,inevitable,避けられない
1095,concrete,具体的な
1096,abundant,豊富な
1097,sacred,神聖な
1098,prominent,卓越した
1099,dense,密集した 密度の高い
1100,profound,重大な
1101,tackle,に取り組む；と話をつける
1102,dedicate,をささげる；を献呈する
1103,dare,あえて［思い切って］～する
1104,accelerate,（を）加速する，促進する
1105,transmit,を伝える；を送る
1106,strain,に負担をかける；を緊張させる；を漉す
1107,tempt,を引きつける；（人）を～する気にさせる
1108,amuse,をおもしろがらせる；を楽しませる
1109,disgust,をむかつかせる；に愛想を尽かせる
1110,cheat,をだます；不正をする
1111,confine,を限定する；（通例受身形で）閉じ込められる
1112,conceal,を隠す（≒hide）；を秘密にする
1113,forgive,を許す；を免除する
1114,discard,を捨てる；を解雇する
1115,convict,に有罪を宣告する
1116,commute,通勤［通学］する
1117,whisper,（と）ささやく
1118,fade,薄れる；衰える
1119,starve,飢える；（...を）渇望する；を飢えさせる
1120,vanish,消える（≒disappear）
1121,drain,（液体）を流出させる；（液体が）流れ出る
1122,dip,を浸す；を突っ込む；下がる
1123,crush,を押しつぶす；を弾圧する
1124,explode,爆発する；急増する；を論破する
1125,terrify,を怖がらせる；を脅かす
1126,exploit,を活用する；を搾取する
1127,elect,を選出する
1128,equip,に備えつける；を（...のために）装備する
1129,fulfill,を実現させる；を果たす；を満たす
1130,log,（～ onで）ログオンする；を記録する
1131,inherit,を受け継ぐ；を引き継ぐ
1132,submit,を提出する；（～ oneselfで）従う；（...に）屈服する
1133,renew,を更新する；を再生する
1134,reproduce,を複製する；を再生する；繁殖する
1135,flourish,繁栄する；繁茂する；を振りかざす
1136,thrive,繁栄する；成功する；繁茂する
1137,spill,をこぼす；こぼれる
1138,scatter,をまき散らす；四散する
1139,sprawl,（都市などが）不規則に広がる
1140,prevail,普及している；支配的である；打ち勝つ
1141,intellect,知性；知識人
1142,courtesy,礼儀正しさ；好意；優遇
1143,posture,姿勢；心構え
1144,sociology,社会学
1145,motive,動機
1146,cue,合図；手掛かり
1147,utility,公共事業；実用性
1148,chore,雑用；日課；嫌な仕事
1149,cereal,穀物；シリアル（穀物加工食品）
1150,fiber,繊維（質）；本質；精神力
1151,intake,摂取量；受け入れ数
1152,scent,香り；香水；気配
1153,flavor,風味；特色
1154,mixture,混合（物）
1155,ratio,比率
1156,counterpart,相当する物［人］
1157,patch,小区画の土地；継ぎ；はり薬
1158,flock,群れ；群集
1159,pedestrian,歩行者
1160,librarian,司書，図書館員
1161,draft,下書き；為替手形；すき間風
1162,formula,方法；公式；製法
1163,commodity,商品；有用なもの
1164,asset,資産；価値のあるもの；利点
1165,currency,通貨；普及
1166,tide,潮（の干満）；動向
1167,abortion,妊娠中絶
1168,toll,損害（の程度）；死者数；通行料
1169,penalty,（刑）罰；罰金
1170,deforestation,森林伐採
1171,microbe,細菌；微生物
1172,outbreak,発生，勃発
1173,epidemic,流行病；蔓延
1174,syndrome,症候群；...現象
1175,outlet,直売店；はけ口；（電気の）コンセント（≒socket）
1176,perfume,香水，香料
1177,reception,歓迎会；受付；受領
1178,recipient,受け取る人；（臓器などの）被提供者
1179,keen,熱心な；鋭敏な；激しい
1180,decent,そこそこの；きちんとした；上品な
1181,mild,穏やかな；軽い
1182,humble,謙虚な；質素な；身分が低い
1183,noble,高貴な；堂々とした
1184,selfish,利己的な（≒self-centered）
1185,cruel,残酷な；厳しい
1186,ridiculous,ばかげた；法外な
1187,deaf,耳が聞こえない
1188,grateful,感謝している
1189,elaborate,入念な；凝った
1190,rough,粗い；大まかな；乱暴な
1191,bitter,苦い；厳しい；辛辣な；怒りっぽい
1192,radical,急進的な；根本的な
1193,collective,集団の，共同の
1194,exotic,外来の；異国風の
1195,steep,（傾斜が）急な；急激な；法外な
1196,shallow,浅い；浅薄な
1197,parallel,平行の；類似した
1198,probable,十分にありそうな
1199,absolute,絶対的な
1200,aesthetic,美的な；美学の
1201,proceed,進行する
1202,bloom,花が咲く
1203,assert,を主張する
1204,bet,と確信する
1205,boast,を誇る
1206,beg,に切に頼む
1207,compromise,妥協する
1208,inquire,尋ねる
1209,yell,叫ぶ 怒鳴る
1210,bully,をいじめる
1211,descend,降りる
1212,crawl,はう
1213,lean,かがむ
1214,spin,を回転させる
1215,drown,溺死する
1216,split,分割する
1217,revive,を復活させる
1218,sigh,ため息をつく
1219,refrain,控える
1220,sweep,掃く
1221,knit,編み物をする
1222,cram,を詰め込む
1223,digest,を消化する
1224,suppress,を抑える
1225,offend,の気分を害する
1226,compensate,補償する
1227,compound,を悪化させる
1228,comprise,から成る
1229,transplant,を移植する
1230,uncover,を暴く
1231,extract,を取り出す
1232,recruit,を募る
1233,entitle,に権利を与える
1234,appoint,を任命する
1235,install,を設置する
1236,enforce,を施行する
1237,implement,を実行する
1238,manipulate,を(巧みに)操る
1239,refine,を精製する
1240,attain,を獲得する 達成する
1241,quest,探究
1242,outlook,態度 見解
1243,premise,前提
1244,unity,統合
1245,fabric,織物
1246,thread,(議論などの)筋道
1247,craftsman,職人
1248,sculpture,彫刻(作品)
1249,sphere,球体
1250,curve,(道路などの)カーブ
1251,profile,人物の紹介
1252,fingerprint,指紋
1253,criterion,(判断・評価の)基準
1254,altitude,高度 標高
1255,tuition,授業料
1256,stake,杭
1257,acquaintance,知人
1258,discourse,会話
1259,gratitude,感謝(の気持ち)
1260,worship,崇拝
1261,caution,用心
1262,horror,恐怖
1263,decay,腐敗(した状態)
1264,defect,欠陥
1265,troop,(～s)軍隊
1266,grave,墓
1267,ranch,牧場
1268,republic,共和国
1269,county,郡
1270,cottage,小別荘
1271,commerce,商業
1272,recession,不況
1273,despair,絶望
1274,spray,噴霧(液)
1275,compassion,同情
1276,offspring,子孫 子
1277,cortex,皮質
1278,fame,名声
1279,worthwhile,価値がある
1280,valid,妥当な
1281,thorough,徹底的な
1282,tremendous,途方もない 莫大な
1283,empirical,経験的な
1284,secondary,二次的な
1285,subsequent,その後の
1286,innate,生まれながらの
1287,interior,室内の
1288,bare,裸の
1289,innocent,無罪の
1290,delicate,繊細な
1291,ambiguous,あいまいな
1292,fragile,壊れやすい
1293,awful,ひどい
1294,inferior,より劣った
1295,ashamed,恥じて
1296,medieval,中世の
1297,stern,厳しい
1298,tense,張り詰めた 緊張した
1299,imperial,帝国の
1300,magnificent,壮大な
1301,integrate,を統合する
1302,incorporate,を取り入れる
1303,utilize,を利用する
1304,revise,を修正する
1305,prolong,を長引かせる
1306,lessen,を少なくする
1307,stir,をかき回す
1308,drag,を引きずる
1309,scrub,磨く
1310,strip,を取り去る
1311,squeeze,を押し込む
1312,shed,を捨て去る
1313,plug,を電源に差し込む
1314,distort,を歪める
1315,disrupt,を混乱させる
1316,devastate,を荒らす
1317,worsen,を悪化させる
1318,abolish,を廃止する
1319,regain,を取り戻す
1320,exert,を及ぼす
1321,precede,に先行する
1322,lag,遅れる
1323,converse,会話をする
1324,utter,(声)を発する
1325,outline,の要点を述べる
1326,conform,順応する
1327,designate,を指定する
1328,assure,に自信を持って言う
1329,reassure,を安心させる
1330,console,を慰める
1331,induce,を引き起こす
1332,oblige,に義務づける
1333,compel,に強いる
1334,provoke,を引き起こす
1335,bathe,を風呂に入れる
1336,bleed,出血する
1337,cruise,巡航する
1338,soar,急上昇する
1339,symbolize,を象徴する
1340,comprehend,を理解する
1341,protocol,議定書
1342,domain,分野
1343,index,指標
1344,transaction,(商)取引
1345,fragment,断片
1346,fraction,わずか
1347,bug,虫
1348,germ,細菌
1349,diagnosis,診断
1350,obsession,妄想
1351,nightmare,悪夢
1352,paradox,逆説
1353,irony,皮肉
1354,sorrow,悲しみ
1355,maximum,最大限
1356,excess,過剰 超過
1357,frontier,国境
1358,refuge,避難(所)
1359,timber,木材
1360,slavery,奴隷制度
1361,hierarchy,(社会の)階層制
1362,bureau,(官庁の)局
1363,supervisor,監督者
1364,spouse,配偶者
1365,rebel,反逆者
1366,pastime,気晴らし
1367,feast,祝宴
1368,basin,洗面器
1369,sewage,下水
1370,scenery,(集合的に)景色
1371,tomb,墓
1372,landmark,目印
1373,monument,記念碑
1374,flesh,(人 動物の)肉
1375,garment,衣服
1376,glimpse,ちらりと見えること
1377,glow,輝き
1378,grace,優美
1379,sincere,誠実な
1380,bold,大胆な
1381,tame,飼いならさせた
1382,vulnerable,もろい
1383,naked,裸の
1384,immune,免疫を持つ
1385,chronic,慢性の
1386,gradual,徐々の
1387,scarce,乏しい
1388,toxic,有毒な
1389,accidental,偶然の
1390,irrelevant,無関係の
1391,trivial,ささいな
1392,indispensable,不可欠な
1393,indigenous,原産の 先住の
1394,prehistoric,有史以前の
1395,holy,神聖な
1396,retail,小売の
1397,metropolitan,大都市の 首都圏の
1398,straightforward,単純な
1399,vivid,鮮やかな
1400,outstanding,際立った
1401,enrich,を豊かにする
1402,undertake,を引き受ける
1403,accommodate,を収容する
1404,assemble,を集める
1405,embody,を具現する
1406,weave,を織る
1407,retrieve,を回収する
1408,clap,(手)をたたく
1409,scratch,を引っかく
1410,erase,を消す
1411,sew,を縫う
1412,cling,しがみつく
1413,resign,辞任する
1414,startle,をびっくりさせる
1415,evoke,を呼び起こす
1416,clarify,を明確にする
1417,confess,告白する
1418,pray,祈る
1419,tolerate,を許容する 我慢する
1420,envy,をうらやむ
1421,revenge,復讐する
1422,depart,出発する
1423,overtake,を追い抜く
1424,invade,を侵略する
1425,penetrate,の内部に入る
1426,enclose,を同封する
1427,leak,漏れる
1428,flush,を紅潮させる
1429,sparkle,輝く
1430,erupt,(火山が)噴火する
1431,dye,を染める
1432,halt,を止める
1433,suspend,を停職処分にする
1434,surpass,を上回る
1435,steer,操縦する
1436,navigate,航行する
1437,contradict,と矛盾する
1438,contend,と主張する
1439,dissolve,を溶かす
1440,strive,努力する
1441,legacy,遺産
1442,rumor,うわさ
1443,verse,韻文
1444,manuscript,原稿
1445,script,台本
1446,prose,散文
1447,headline,(新聞などの)見出し
1448,diameter,直径
1449,vacuum,真空
1450,flame,炎
1451,moisture,水分
1452,erosion,侵食
1453,peninsula,半島
1454,suicide,自殺
1455,sin,(宗教 道徳上の)罪
1456,taboo,禁忌 タブー
1457,rage,激怒
1458,greed,強欲
1459,boredom,退屈
1460,misery,悲惨
1461,plague,疫病
1462,orphan,孤児
1463,liver,肝臓
1464,trail,跡
1465,aisle,(座席間などの)通路
1466,laundry,洗濯(物)
1467,merchandise,商品
1468,bargain,買い得品
1469,revenue,(～s)歳入
1470,deficit,赤字 不足
1471,amateur,素人 アマチュア
1472,undergraduate,学部学生
1473,ambassador,大使
1474,warrior,戦士
1475,warfare,戦争(行為)
1476,botany,植物学
1477,anthropology,人類学
1478,ideology,イデオロギー 思想傾向
1479,voluntary,自発的な
1480,spontaneous,自然発生的な
1481,deliberate,故意の
1482,conspicuous,目立つ
1483,transparent,透明な
1484,superficial,表面的な
1485,hollow,空洞の
1486,peculiar,特有の
1487,partial,部分的な
1488,neat,きちんとした
1489,dim,薄暗い
1490,alternate,代わりの
1491,commonplace,(日常的に)当たり前の
1492,jealous,嫉妬深い
1493,hostile,敵意のある
1494,ripe,熟した
1495,pregnant,妊娠した
1496,fertile,肥沃な
1497,fierce,猛烈な
1498,drastic,徹底的な
1499,immense,膨大な
1500,supreme,最高の
1501,excel,秀でている；に勝る
1502,swell,膨張する，腫れる；を膨らませる
1503,bounce,跳ねる；反射する；を弾ませる
1504,roam,（を）歩き回る
1505,stray,はぐれる；迷う
1506,emigrate,（他国へ）移住する
1507,mutter,（を）つぶやく；ぶつぶつ（不平を）言う
1508,murmur,（を）ささやく；ざわめく
1509,chuckle,くすくす笑う
1510,choke,をむせさせる；を詰まらせる；むせる
1511,frown,眉をひそめる
1512,roar,うなる，ほえる
1513,shiver,震える
1514,tremble,震える；揺れ動く
1515,shave,（顔・ひげなど）をそる；を削減する
1516,misunderstand,（を）誤解する
1517,soothe,をなだめる；を和らげる
1518,lure,を誘惑する
1519,mock,をばかにする；をからかう
1520,tease,（を）からかう；をいじめる
1521,despise,を軽蔑する
1522,disregard,を無視する；を軽視する
1523,betray,をうっかり表す；を裏切る
1524,aspire,（...を）熱望する
1525,seize,をつかむ；を奪い取る；を没収する
1526,fetch,を持って来る，連れて来る
1527,rub,（を）こする；を塗る
1528,flap,ぱたぱたと動く；羽ばたく
1529,plunge,（を）突っ込む；没頭する；陥る
1530,insert,を挿入する
1531,dispose,（dispose of で）を処分する
1532,withstand,に耐える
1533,hinder,を妨げる
1534,resume,（を）再開する；を取り戻す
1535,unify,を統合する
1536,staple,必需食品；主要産物
1537,soybean,大豆
1538,bud,芽；つぼみ
1539,vegetation,植物；植生
1540,limb,手足
1541,wrinkle,しわ；折り目
1542,sentiment,感情；感傷
1543,grief,深い悲しみ
1544,curse,呪い；悪態
1545,torture,拷問；苦痛（の種）
1546,mercy,慈悲；幸運
1547,coward,臆病者
1548,predecessor,前任者；前のもの
1549,psychiatrist,精神科医
1550,thesis,論文；命題，テーゼ
1551,mutation,突然変異
1552,diabetes,糖尿病
1553,bullet,銃弾
1554,cluster,集団；（植物の）房，束
1555,shield,盾，防御物
1556,gear,器具；歯車；ギア
1557,vessel,船舶；容器；脈管
1558,tactics,戦術；策略
1559,breakdown,崩壊；（神経）衰弱；故障
1560,reunion,再会（の集い）；再結合
1561,knot,結び目
1562,probe,宇宙探査用ロケット；精査
1563,radiation,放射能，放射線
1564,tablet,錠剤；平板
1565,vapor,蒸気；気体
1566,thermometer,温度計，体温計
1567,signature,署名；特徴
1568,triangle,三角形
1569,geometry,幾何学
1570,feat,偉業；妙技
1571,applause,拍手（喝采）
1572,glory,栄光；壮観
1573,diligent,勤勉な；入念な
1574,earnest,まじめな，熱心な
1575,loyal,忠実な
1576,stubborn,頑固な（≒obstinate）；不屈の
1577,rigid,厳しい；硬直した
1578,stiff,硬直した；堅い
1579,timid,臆病な
1580,idle,（何もせずに）ぶらぶらしている
1581,dumb,ばかげた；口のきけない；無言の
1582,obese,肥満した
1583,disabled,障がいのある；障がい者用の
1584,clumsy,不器用な；扱いにくい
1585,punctual,時間を守る
1586,absurd,ばかげた；不合理な
1587,uneasy,不安な；落ち着かない；ぎこちない
1588,nasty,不快な；意地悪な
1589,naughty,いたずらな
1590,tidy,きちんとした；相当の
1591,decisive,決定的な；断固とした
1592,upright,真っすぐな；正直な
1593,vertical,垂直の；縦方向の
1594,gloomy,陰気な；薄暗い；悲観的な
1595,obscure,人目につかない；不明瞭な
1596,antique,骨董の；古風な
1597,sole,唯一の；単独の；独占的な
1598,sheer,純然たる，真の；すごい
1599,marvelous,すばらしい；驚くべき
1600,splendid,すばらしい；立派な
1601,cherish,を心に抱く；を大切にする
1602,nourish,に栄養を与える；をはぐくむ
1603,hatch,を孵化させる；孵化する；をたくらむ
1604,enlarge,を拡大する
1605,furnish,に備え付ける
1606,indulge,（...に）ふける；を甘やかす
1607,surrender,屈する；を放棄する；を明け渡す
1608,kneel,ひざまずく
1609,stumble,つまずく
1610,wither,しおれる；衰える；を弱らせる
1611,creep,忍び込む；のろのろ進む；はう
1612,ache,痛む；（...を）切望する
1613,await,を待つ
1614,foresee,を予知する
1615,illuminate,を照らす；を解明する
1616,dread,をひどく恐れる
1617,depict,を描く
1618,signify,を意味する；重要である
1619,swear,（を）誓う；ののしる
1620,dictate,を指図する；を書き取らせる；を決定づける
1621,recite,を暗唱する；を詳述する
1622,enroll,登録する，入会する；を登録させる
1623,execute,を実行する；を処刑する
1624,fake,を偽造する；のふりをする
1625,disguise,を変装させる；を偽る
1626,stain,を汚す；に着色する
1627,bind,を縛る
1628,slap,を（平手で）たたく
1629,omit,を省く；を怠る
1630,grind,（穀物など）をひく
1631,undermine,を徐々にむしばむ
1632,bankrupt,を破産させる
1633,extinguish,（火・光など）を消す；を全滅させる
1634,mend,を修繕する；を改善する
1635,congratulate,（人）を祝う
1636,certificate,証明書；免許状
1637,encyclopedia,百科事典
1638,biography,伝記
1639,masterpiece,傑作
1640,rhyme,詩歌；韻
1641,means,手段；資力
1642,mold,鋳型；性質
1643,scope,範囲；余地
1644,bulk,大半；かさ；大量
1645,trifle,些細なこと；少量
1646,pill,錠剤
1647,dose,（薬の）服用量；放射線量
1648,vein,血管；静脈；特質
1649,odor,におい；気配
1650,pilgrim,巡礼者
1651,deed,行い
1652,carriage,車両；立ち居振舞い；輸送；馬車
1653,mischief,いたずら
1654,slaughter,虐殺；畜殺
1655,haste,急ぐこと
1656,thirst,（のどの）渇き；渇望
1657,monarchy,君主制；君主国
1658,reign,治世；統治
1659,heir,相続人；（...の）後継者
1660,pardon,許し
1661,legislation,法律；立法
1662,cabinet,内閣；戸棚
1663,ward,病棟；行政区
1664,surplus,余剰；黒字
1665,arithmetic,計算；算数
1666,mercury,水銀（≒quicksilver）；水星
1667,monopoly,独占（権）
1668,friction,不和；摩擦
1669,collision,衝突
1670,fusion,融合；連立
1671,breakthrough,大発見，飛躍的進歩
1672,spectacle,壮観；見世物；眼鏡
1673,eminent,高名な；傑出した
1674,notable,注目に値する；著名な
1675,notorious,悪名高い（≒infamous）
1676,compulsory,義務的な
1677,liable,～しがちな；受けやすい；責任がある
1678,inclined,～する傾向がある；傾いた
1679,static,静的な；停滞した
1680,infinite,無限の；無数の
1681,eternal,永遠の；不変の
1682,acute,激しい；鋭い；急性の
1683,abrupt,突然の
1684,swift,素早い
1685,faint,かすかな
1686,tender,優しい；柔らかい；微妙な
1687,humid,湿気のある
1688,damp,湿った
1689,rotten,腐った；不快な；堕落した
1690,sour,酸っぱい；不機嫌な；不愉快な
1691,sore,痛い；腹が立って
1692,savage,どう猛な；容赦のない
1693,crude,天然の，未精製の；粗野な
1694,approximate,おおよその
1695,intermediate,中級の；中間の
1696,vocational,職業の
1697,masculine,男らしい
1698,feminine,女らしい
1699,superfluous,余分な；不必要な
1700,utmost,最大限の
1701,contemplate,（を）熟考する；を予想する
1702,ponder,（を）熟考する
1703,meditate,瞑想する；をもくろむ
1704,conceive,（を）思いつく
1705,speculate,（を）推測する；投機する
1706,presume,と推定する；を前提とする
1707,proclaim,を宣言する；を証明する
1708,disclose,を公表する
1709,pledge,を誓う；を担保にする
1710,exclaim,（と）叫ぶ
1711,subscribe,予約購読する
1712,mourn,（を）悼む；（を）嘆く
1713,resent,に憤慨する
1714,lament,（を）嘆き悲しむ；を後悔する
1715,pant,あえぐ；（...を）渇望する
1716,suck,（を）吸う
1717,soak,を浸す；浸る
1718,render,を（ある状態に）する；を与える
1719,rotate,回転する；循環する；を回転させる
1720,pierce,を貫く，（穴）を開ける；を洞察する
1721,carve,を彫る；を切り開く
1722,divert,（注意など）をそらす；を迂回させる
1723,expel,を追放する；を吐き出す
1724,assault,を暴行する；を攻撃する
1725,intrude,侵害［侵入］する
1726,addict,（受身形で）（...に）凝る，（...の）中毒になる
1727,coincide,同時に起こる；一致する
1728,ascend,（を）上がる
1729,surge,殺到する；急騰する
1730,evaporate,蒸発する；消散する；を蒸発させる
1731,expire,期限が切れる
1732,ferment,を発酵させる；発酵する
1733,merge,（を）合併する；融合する；を融合させる
1734,erect,を建てる；を直立させる
1735,bless,に恩恵を与える；に感謝する
1736,prestige,名声；（形容詞的に）名声のある
1737,aristocracy,貴族（社会）；支配階級
1738,statesman,政治家
1739,senator,上院議員
1740,creed,（宗教上の）信条
1741,vigor,活力；迫力
1742,dismay,落胆；狼狽
1743,melancholy,憂うつ
1744,agony,苦痛；苦悩
1745,anguish,苦悩
1746,conscience,良心
1747,contempt,軽蔑；恥辱
1748,scorn,軽蔑；軽蔑の対象
1749,apathy,無感動
1750,textile,織物；繊維（産業）
1751,symmetry,（左右）対称；調和
1752,verge,瀬戸際；端
1753,cavity,虫歯（の穴）；空洞
1754,bribe,賄賂
1755,riot,暴動
1756,exile,亡命（者）；（国外）追放
1757,archaeology,考古学
1758,specimen,標本；実例
1759,ornament,装飾（品）
1760,apparatus,器具一式；機構
1761,flaw,欠点；傷
1762,eclipse,日食，月食；（名声などの）失墜
1763,astronomy,天文学
1764,aviation,航空（学）
1765,velocity,速度
1766,congestion,混雑
1767,questionnaire,アンケート
1768,parasite,寄生虫
1769,personnel,職員，人員
1770,advent,出現，到来
1771,token,しるし；代用硬貨；商品券
1772,premium,保険料；プレミア
1773,discreet,思慮分別のある
1774,wary,用心深い
1775,grim,（状況などが）暗い；（表情が）険しい
1776,solemn,厳粛な；真剣な
1777,skeptical,懐疑的な
1778,dubious,疑わしい；疑って
1779,vain,無駄な；うぬぼれた
1780,reckless,無謀な；（...を）顧みない
1781,ruthless,無慈悲な；断固とした；無茶な
1782,eloquent,雄弁な；説得力のある
1783,furious,激怒した；猛烈な
1784,weary,疲れ果てた；（...に）うんざりした
1785,pessimistic,悲観的な
1786,cynical,冷笑的な
1787,wicked,邪悪な；いたずらな
1788,singular,驚くべき；奇妙な；単数の
1789,weird,異様な（≒bizarre）
1790,literal,文字どおりの；散文的な
1791,explicit,明白な；率直な
1792,implicit,暗黙の；内在する
1793,slender,ほっそりした；わずかな
1794,gross,総計の；甚だしい；粗野な
1795,ultraviolet,紫外線の
1796,spatial,空間の
1797,vacant,空いている
1798,spacious,広々とした；雄大な
1799,ample,十分すぎるほどの；広い
1800,affluent,裕福な；豊富な
1801,infer,を推論する
1802,discern,を理解する；を識別する
1803,allege,を主張する
1804,ascribe,の原因を（...に）帰する；を（...の）作と認める
1805,prescribe,（薬など）を処方する；を規定する
1806,comply,従う；応じる
1807,abide,に従う を我慢する 住む
1808,plead,嘆願する；（を）弁護する；申し立てる
1809,preach,（を）説教する
1810,intrigue,に興味を持たせる；陰謀を企てる
1811,reconcile,を一致させる；を和解させる
1812,intervene,介入する；介在する
1813,restrain,を制止する；を規制する
1814,humiliate,の自尊心を傷つける
1815,reproach,を非難する
1816,condemn,を非難する；（受身形で）有罪を宣告される
1817,defy,に反抗する；を拒む
1818,revolt,反逆する；むかつく
1819,impair,を損なう
1820,inflict,（害など）を負わせる
1821,degrade,の価値を下げる；を降格する
1822,deteriorate,悪化する；を悪化させる
1823,corrupt,を堕落させる；を買収する；堕落する
1824,contaminate,を汚染する；を堕落させる
1825,oppress,を抑圧する；を悩ませる
1826,thrust,を押しつける；押す
1827,embark,（...に）乗り出す；乗船［搭乗］する
1828,inspect,を点検する；を視察する
1829,summon,を呼びつける
1830,testify,（を）証言する
1831,persecute,を迫害する；を苦しめる
1832,coerce,に強要する
1833,unleash,（抑えていたもの）を爆発させる
1834,emancipate,を解放する
1835,endow,に授ける；に寄贈する
1836,scrutiny,精査；監視
1837,analogy,類推；類似
1838,preoccupation,没頭；先入観
1839,retrospect,回想
1840,conceit,うぬぼれ
1841,fallacy,誤った考え；虚偽
1842,hypocrisy,偽善
1843,nuisance,厄介（なこと［人］）
1844,delinquency,（青少年の）非行，犯罪
1845,hostage,人質
1846,lawsuit,（民事）訴訟
1847,attorney,弁護士；代理人
1848,warrant,令状；十分な根拠；証明書
1849,testimony,証言；証拠
1850,verdict,（陪審の）評決；評価
1851,sanction,制裁；認可
1852,superstition,迷信
1853,folklore,民話；民俗学
1854,anecdote,逸話
1855,rhetoric,修辞（法）；美辞麗句
1856,stall,露店；失速
1857,segment,部分
1858,synthesis,合成；総合
1859,cohesion,結束；結合
1860,heredity,遺伝；世襲
1861,catastrophe,大災害；破局
1862,plight,窮状
1863,solitude,ひとりでいること；孤独
1864,ordeal,厳しい試練
1865,tyranny,暴政；専制国家
1866,censorship,検閲
1867,hygiene,衛生（状態）；健康法
1868,doctrine,（政策上の）主義；教義
1869,diplomacy,外交（的手腕）
1870,entity,実体
1871,sovereign,君主；ソブリン金貨
1872,authentic,本物の；信頼できる
1873,legitimate,合法的な；妥当な
1874,intelligible,理解できる
1875,inherent,生来の
1876,ingenious,独創的な；利発な
1877,intricate,複雑な
1878,homogeneous,均質の
1879,monotonous,単調な
1880,incessant,絶え間のない
1881,perpetual,ひっきりなしの；永続的な
1882,imminent,差し迫った
1883,plausible,もっともらしい
1884,arbitrary,恣意的な
1885,preliminary,予備の，準備の
1886,deficient,欠けている（≒lacking）
1887,subordinate,下位の；副次的な
1888,feudal,封建時代［制度］の；封建的な
1889,obsolete,廃れた
1890,mortal,致命的な；死すべき
1891,monetary,金銭的な；金融の
1892,extravagant,浪費する；法外な
1893,dizzy,めまいがする；当惑した
1894,juvenile,青少年の
1895,anonymous,匿名の
1896,compatible,互換性のある；矛盾しない；気が合う
1897,ubiquitous,至る所にある
1898,divine,神の；神にささげる
1899,sober,しらふの；節度のある
1900,zealous,熱心な
